stock_id:ID(Stock),name,code,:LABEL
600616,金枫酒业,600616,Company
603076,乐惠国际,603076,Company
601689,拓普集团,601689,Company
300629,新劲刚,300629,Company
601208,东材科技,601208,Company
2658,雪迪龙,2658,Company
937,冀中能源,937,Company
831,五矿稀土,831,Company
600184,光电股份,600184,Company
300532,今天国际,300532,Company
2393,力生制药,2393,Company
300389,艾比森,300389,Company
541,佛山照明,541,Company
2003,伟星股份,2003,Company
2254,泰和新材,2254,Company
810,创维数字,810,Company
2795,永和智控,2795,Company
300216,千山药机,300216,Company
400,许继电气,400,Company
2455,百川股份,2455,Company
2491,通鼎互联,2491,Company
600295,鄂尔多斯,600295,Company
600787,中储股份,600787,Company
2333,罗普斯金,2333,Company
600691,阳煤化工,600691,Company
2701,奥瑞金,2701,Company
856,冀东装备,856,Company
300368,汇金股份,300368,Company
835,长城动漫,835,Company
600119,长江投资,600119,Company
300284,苏交科,300284,Company
600322,天房发展,600322,Company
200037,深南电B,200037,Company
600958,东方证券,600958,Company
603988,中电电机,603988,Company
300290,荣科科技,300290,Company
921,海信科龙,921,Company
200028,一致Ｂ,200028,Company
2467,二六三,2467,Company
2726,龙大肉食,2726,Company
2543,万和电气,2543,Company
300119,瑞普生物,300119,Company
600577,精达股份,600577,Company
603306,华懋科技,603306,Company
2384,东山精密,2384,Company
9,中国宝安,9,Company
2365,永安药业,2365,Company
788,北大医药,788,Company
2090,金智科技,2090,Company
600969,郴电国际,600969,Company
601515,东风股份,601515,Company
603299,井神股份,603299,Company
2673,西部证券,2673,Company
600390,五矿资本,600390,Company
600875,东方电气,600875,Company
609,绵石投资,609,Company
2017,东信和平,2017,Company
600535,天士力,600535,Company
2502,骅威文化,2502,Company
600090,同济堂,600090,Company
600862,中航高科,600862,Company
601966,玲珑轮胎,601966,Company
601088,中国神华,601088,Company
600709,生态,600709,Company;ST
600567,山鹰纸业,600567,Company
300358,楚天科技,300358,Company
2269,美邦服饰,2269,Company
2565,顺灏股份,2565,Company
2640,跨境通,2640,Company
600623,华谊集团,600623,Company
300542,新晨科技,300542,Company
600530,交大昂立,600530,Company
765,华信,765,Company;ST
600667,太极实业,600667,Company
3,PT金田A,3,Company
2302,西部建设,2302,Company
600345,长江通信,600345,Company
2506,协鑫集成,2506,Company
2348,高乐股份,2348,Company
2318,久立特材,2318,Company
600618,氯碱化工,600618,Company
600309,万华化学,600309,Company
300028,金亚科技,300028,Company
600091,明科,600091,Company;ST
603556,海兴电力,603556,Company
300530,达志科技,300530,Company
600128,弘业股份,600128,Company
603026,石大胜华,603026,Company
600303,曙光股份,600303,Company
603011,合锻智能,603011,Company
897,津滨发展,897,Company
600993,马应龙,600993,Company
900947,振华Ｂ股,900947,Company
2560,通达股份,2560,Company
300283,温州宏丰,300283,Company
2303,美盈森,2303,Company
603020,爱普股份,603020,Company
600809,山西汾酒,600809,Company
2234,民和股份,2234,Company
300431,暴风集团,300431,Company
950,建峰,950,Company;ST
2625,光启技术,2625,Company
2512,达华智能,2512,Company
600246,万通地产,600246,Company
300367,东方网力,300367,Company
582,北部湾港,582,Company
600208,新湖中宝,600208,Company
600216,浙江医药,600216,Company
2748,世龙实业,2748,Company
603189,网达软件,603189,Company
300219,鸿利智汇,300219,Company
600527,江南高纤,600527,Company
2563,森马服饰,2563,Company
300455,康拓红外,300455,Company
300340,科恒股份,300340,Company
300563,神宇股份,300563,Company
300436,广生堂,300436,Company
600890,中房股份,600890,Company
2578,闽发铝业,2578,Company
900940,大名城B,900940,Company
860,顺鑫农业,860,Company
300327,中颖电子,300327,Company
2126,银轮股份,2126,Company
2413,雷科防务,2413,Company
603160,汇顶科技,603160,Company
603818,曲美家居,603818,Company
603718,海利生物,603718,Company
600348,阳泉煤业,600348,Company
601588,北辰实业,601588,Company
600177,雅戈尔,600177,Company
524,岭南控股,524,Company
600052,浙江广厦,600052,Company
600016,民生银行,600016,Company
603858,步长制药,603858,Company
2719,麦趣尔,2719,Company
601179,中国西电,601179,Company
600059,古越龙山,600059,Company
600836,界龙实业,600836,Company
2357,富临运业,2357,Company
2247,帝龙文化,2247,Company
300332,天壕环境,300332,Company
300158,振东制药,300158,Company
2731,萃华珠宝,2731,Company
600778,友好集团,600778,Company
300286,安科瑞,300286,Company
2577,雷柏科技,2577,Company
796,凯撒旅游,796,Company
300328,宜安科技,300328,Company
603090,宏盛股份,603090,Company
811,冰轮环境,811,Company
600479,千金药业,600479,Company
2448,中原内配,2448,Company
560,昆百大Ａ,560,Company
2474,榕基软件,2474,Company
300207,欣旺达,300207,Company
2283,天润曲轴,2283,Company
722,湖南发展,722,Company
2382,蓝帆医疗,2382,Company
600573,惠泉啤酒,600573,Company
2281,光迅科技,2281,Company
600282,南钢股份,600282,Company
600821,津劝业,600821,Company
300324,旋极信息,300324,Company
300272,开能环保,300272,Company
503,海虹控股,503,Company
600737,中粮糖业,600737,Company
2296,辉煌科技,2296,Company
2031,巨轮智能,2031,Company
2286,保龄宝,2286,Company
600482,中国动力,600482,Company
600243,青海华鼎,600243,Company
600612,老凤祥,600612,Company
703,恒逸石化,703,Company
600997,开滦股份,600997,Company
603916,苏博特,603916,Company
711,京蓝科技,711,Company
900902,市北B股,900902,Company
600489,中金黄金,600489,Company
300415,伊之密,300415,Company
558,莱茵体育,558,Company
900955,海创B股,900955,Company
603318,派思股份,603318,Company
900935,阳晨Ｂ股,900935,Company
2752,昇兴股份,2752,Company
2707,众信旅游,2707,Company
2158,汉钟精机,2158,Company
600247,成城,600247,Company;ST
2191,劲嘉股份,2191,Company
603655,朗博科技,603655,Company
658,海洋,658,Company;ST
300501,海顺新材,300501,Company
603568,伟明环保,603568,Company
2699,美盛文化,2699,Company
600852,中川,600852,Company;ST
2197,证通电子,2197,Company
889,茂业通信,889,Company
600818,中路股份,600818,Company
2489,浙江永强,2489,Company
200706,瓦轴B,200706,Company
600461,洪城水业,600461,Company
600601,方正科技,600601,Company
601882,海天精工,601882,Company
2405,四维图新,2405,Company
601107,四川成渝,601107,Company
2362,汉王科技,2362,Company
300050,世纪鼎利,300050,Company
601012,隆基股份,601012,Company
600483,福能股份,600483,Company
600186,莲花健康,600186,Company
2518,科士达,2518,Company
600545,卓郎智能,600545,Company
600540,新赛,600540,Company;ST
600844,丹科,600844,Company;ST
603993,洛阳钼业,603993,Company
300084,海默科技,300084,Company
600982,宁波热电,600982,Company
2211,宏达新材,2211,Company
600218,全柴动力,600218,Company
600529,山东药玻,600529,Company
2110,三钢闽光,2110,Company
900941,东信Ｂ股,900941,Company
300152,科融环境,300152,Company
600011,华能国际,600011,Company
600507,方大特钢,600507,Company
2648,卫星石化,2648,Company
2139,拓邦股份,2139,Company
600372,中航电子,600372,Company
59,华锦股份,59,Company
603008,喜临门,603008,Company
766,通化金马,766,Company
600212,江泉实业,600212,Company
200986,粤华包Ｂ,200986,Company
300111,向日葵,300111,Company
600476,湘邮科技,600476,Company
300565,科信技术,300565,Company
300396,迪瑞医疗,300396,Company
600611,大众交通,600611,Company
600845,宝信软件,600845,Company
600310,桂东电力,600310,Company
601225,陕西煤业,601225,Company
603606,东方电缆,603606,Company
2793,东音股份,2793,Company
600444,国机通用,600444,Company
300293,蓝英装备,300293,Company
600077,宋都股份,600077,Company
2437,誉衡药业,2437,Company
300566,激智科技,300566,Company
300413,快乐购,300413,Company
2315,焦点科技,2315,Company
300297,蓝盾股份,300297,Company
2644,佛慈制药,2644,Company
2208,合肥城建,2208,Company
2725,跃岭股份,2725,Company
600122,宏图高科,600122,Company
592,平潭发展,592,Company
600538,国发股份,600538,Company
584,哈工智能,584,Company
2198,嘉应制药,2198,Company
608,阳光股份,608,Company
603678,火炬电子,603678,Company
850,华茂股份,850,Company
420,吉林化纤,420,Company
603168,莎普爱思,603168,Company
55,方大集团,55,Company
600205,S山东铝,600205,Company
2137,麦达数字,2137,Company
600700,数码,600700,Company;ST
2510,天汽模,2510,Company
600423,柳化,600423,Company;ST
600990,四创电子,600990,Company
2580,圣阳股份,2580,Company
300147,香雪制药,300147,Company
600510,黑牡丹,600510,Company
2423,中原特钢,2423,Company
600105,永鼎股份,600105,Company
603986,兆易创新,603986,Company
300417,南华仪器,300417,Company
2115,三维通信,2115,Company
600689,上海三毛,600689,Company
603778,乾景园林,603778,Company
47,中侨,47,Company;ST
662,天夏智慧,662,Company
2250,联化科技,2250,Company
602,金马集团,602,Company
600015,华夏银行,600015,Company
22,深赤湾Ａ,22,Company
601226,华电重工,601226,Company
300244,迪安诊断,300244,Company
600007,中国国贸,600007,Company
600683,京投发展,600683,Company
2757,南兴装备,2757,Company
300398,飞凯材料,300398,Company
413,东旭光电,413,Company
603336,宏辉果蔬,603336,Company
2821,凯莱英,2821,Company
603567,珍宝岛,603567,Company
948,南天信息,948,Company
600526,菲达环保,600526,Company
756,新华制药,756,Company
300103,达刚路机,300103,Company
300010,立思辰,300010,Company
2111,威海广泰,2111,Company
2117,东港股份,2117,Company
300016,北陆药业,300016,Company
993,闽东电力,993,Company
300093,金刚玻璃,300093,Company
600735,新华锦,600735,Company
600462,九有股份,600462,Company
600065,联谊,600065,Company;ST
2391,长青股份,2391,Company
2307,北新路桥,2307,Company
600826,兰生股份,600826,Company
300369,绿盟科技,300369,Company
417,合肥百货,417,Company
600409,三友化工,600409,Company
600072,中船科技,600072,Company
883,湖北能源,883,Company
300731,科创新源,300731,Company
2669,康达新材,2669,Company
300322,硕贝德,300322,Company
600410,华胜天成,600410,Company
603283,赛腾股份,603283,Company
300372,欣泰退,300372,Company
555,神州信息,555,Company
900930,沪普B,900930,Company;ST
875,吉电股份,875,Company
300387,富邦股份,300387,Company
600521,华海药业,600521,Company
300383,光环新网,300383,Company
600995,文山电力,600995,Company
300029,天龙光电,300029,Company
89,深圳机场,89,Company
2125,湘潭电化,2125,Company
751,锌业股份,751,Company
2736,国信证券,2736,Company
300361,奥赛康,300361,Company
601311,骆驼股份,601311,Company
600499,科达洁能,600499,Company
2273,水晶光电,2273,Company
600466,蓝光发展,600466,Company
2183,怡亚通,2183,Company
90,天健集团,90,Company
600139,西部资源,600139,Company
600110,诺德股份,600110,Company
2431,棕榈股份,2431,Company
200761,本钢板Ｂ,200761,Company
2797,第一创业,2797,Company
2178,延华智能,2178,Company
300017,网宿科技,300017,Company
200725,京东方Ｂ,200725,Company
600167,联美控股,600167,Company
2065,东华软件,2065,Company
600740,山西焦化,600740,Company
600156,华升股份,600156,Company
2276,万马股份,2276,Company
300500,启迪设计,300500,Company
600097,开创国际,600097,Company
600198,大唐电信,600198,Company
750,国海证券,750,Company
2259,升达林业,2259,Company
601038,一拖股份,601038,Company
600882,广泽股份,600882,Company
300506,名家汇,300506,Company
300107,建新股份,300107,Company
600651,飞乐音响,600651,Company
600278,东方创业,600278,Company
2072,凯瑞德,2072,Company
2346,柘中股份,2346,Company
600674,川投能源,600674,Company
2519,银河电子,2519,Company
600393,粤泰股份,600393,Company
600367,红星发展,600367,Company
300334,津膜科技,300334,Company
600498,烽火通信,600498,Company
300562,乐心医疗,300562,Company
300251,光线传媒,300251,Company
600361,华联综超,600361,Company
2524,光正集团,2524,Company
603518,维格娜丝,603518,Company
2498,汉缆股份,2498,Company
600849,上药转换,600849,Company
601700,风范股份,601700,Company
2643,万润股份,2643,Company
591,太阳能,591,Company
600133,东湖高新,600133,Company
881,中广核技,881,Company
600008,首创股份,600008,Company
915,山大华特,915,Company
600325,华发股份,600325,Company
712,锦龙股份,712,Company
2181,粤传媒,2181,Company
600353,旭光股份,600353,Company
2156,通富微电,2156,Company
603798,康普顿,603798,Company
600238,海南椰岛,600238,Company
300220,金运激光,300220,Company
2568,百润股份,2568,Company
987,越秀金控,987,Company
2298,中电鑫龙,2298,Company
300315,掌趣科技,300315,Company
600739,辽宁成大,600739,Company
2225,濮耐股份,2225,Company
506,中润资源,506,Company
300085,银之杰,300085,Company
564,供销大集,564,Company
2195,二三四五,2195,Company
600355,精伦电子,600355,Company
1696,宗申动力,1696,Company
2052,同洲电子,2052,Company
601238,广汽集团,601238,Company
600629,华建集团,600629,Company
14,沙河股份,14,Company
300442,普丽盛,300442,Company
600819,耀皮玻璃,600819,Company
603958,哈森股份,603958,Company
600710,常林,600710,Company;ST
603566,普莱柯,603566,Company
2224,三力士,2224,Company
900920,上柴Ｂ股,900920,Company
900911,金桥Ｂ股,900911,Company
600452,涪陵电力,600452,Company
2267,陕天然气,2267,Company
600570,恒生电子,600570,Company
600830,香溢融通,600830,Company
900925,机电Ｂ股,900925,Company
600793,宜宾纸业,600793,Company
2036,联创电子,2036,Company
600738,兰州民百,600738,Company
600690,青岛海尔,600690,Company
603708,家家悦,603708,Company
2586,围海股份,2586,Company
900906,中毅达B,900906,Company
2233,塔牌集团,2233,Company
2029,七匹狼,2029,Company
600055,万东医疗,600055,Company
300271,华宇软件,300271,Company
600511,国药股份,600511,Company
600625,PT水仙,600625,Company
2168,深圳惠程,2168,Company
2753,永东股份,2753,Company
600869,智慧能源,600869,Company
2219,恒康医疗,2219,Company
603167,渤海轮渡,603167,Company
2693,双成药业,2693,Company
2618,丹邦科技,2618,Company
600832,东方明珠,600832,Company
2403,爱仕达,2403,Company
600418,江淮汽车,600418,Company
2295,精艺股份,2295,Company
601788,光大证券,601788,Company
825,太钢不锈,825,Company
1,平安银行,1,Company
557,西部创业,557,Company
300291,华录百纳,300291,Company
2545,东方铁塔,2545,Company
600074,保千里,600074,Company;ST
2550,千红制药,2550,Company
2284,亚太股份,2284,Company
603508,思维列控,603508,Company
300439,美康生物,300439,Company
15,PT中浩A,15,Company
600151,航天机电,600151,Company
600403,大有,600403,Company;ST
300139,晓程科技,300139,Company
530,大冷股份,530,Company
2416,爱施德,2416,Company
601333,广深铁路,601333,Company
2112,三变科技,2112,Company
2361,神剑股份,2361,Company
900938,天海B,900938,Company
603393,新天然气,603393,Company
600117,西宁特钢,600117,Company
300393,中来股份,300393,Company
2732,燕塘乳业,2732,Company
2864,盘龙药业,2864,Company
732,泰禾集团,732,Company
600062,华润双鹤,600062,Company
300416,苏试试验,300416,Company
600886,国投电力,600886,Company
927,一汽夏利,927,Company
600894,广日股份,600894,Company
2602,世纪华通,2602,Company
2662,京威股份,2662,Company
553,沙隆达Ａ,553,Company
600879,航天电子,600879,Company
300336,新文化,300336,Company
600152,维科精华,600152,Company
2610,爱康科技,2610,Company
2575,群兴玩具,2575,Company
978,桂林旅游,978,Company
603028,赛福天,603028,Company
600608,沪科,600608,Company;ST
300468,四方精创,300468,Company
300124,汇川技术,300124,Company
2394,联发股份,2394,Company
601996,丰林集团,601996,Company
2468,申通快递,2468,Company
2912,中新赛克,2912,Company
2737,葵花药业,2737,Company
600666,奥瑞德,600666,Company
600048,保利地产,600048,Company
600679,上海凤凰,600679,Company
2742,三圣股份,2742,Company
900943,开开Ｂ股,900943,Company
900913,国新B股,900913,Company
603685,晨丰科技,603685,Company
2771,真视通,2771,Company
878,云南铜业,878,Company
2020,京新药业,2020,Company
2256,兆新股份,2256,Company
600975,新五丰,600975,Company
909,数源科技,909,Company
502,绿景控股,502,Company
600108,亚盛集团,600108,Company
603969,银龙股份,603969,Company
600636,爱富,600636,Company;ST
2170,芭田股份,2170,Company
528,柳工,528,Company
300344,太空板业,300344,Company
600101,明星电力,600101,Company
753,漳州发展,753,Company
300354,东华测试,300354,Company
2671,龙泉股份,2671,Company
603322,超讯通信,603322,Company
600663,陆家嘴,600663,Company
600157,永泰能源,600157,Company
2220,天宝食品,2220,Company
600671,天目药业,600671,Company
300141,和顺电气,300141,Company
2453,天马精化,2453,Company
18,神州长城,18,Company
2739,万达电影,2739,Company
600141,兴发集团,600141,Company
300184,力源信息,300184,Company
2113,天润数娱,2113,Company
300057,万顺股份,300057,Company
600861,北京城乡,600861,Company
601998,中信银行,601998,Company
300091,金通灵,300091,Company
300474,景嘉微,300474,Company
600286,国瓷,600286,Company;ST
728,国元证券,728,Company
300502,新易盛,300502,Company
2733,雄韬股份,2733,Company
601216,君正集团,601216,Company
623,吉林敖东,623,Company
600751,天海投资,600751,Company
601798,蓝科高新,601798,Company
2490,墨龙,2490,Company;ST
2251,步步高,2251,Company
600037,歌华有线,600037,Company
509,华塑控股,509,Company
200019,深深宝Ｂ,200019,Company
600562,国睿科技,600562,Company
2142,宁波银行,2142,Company
600257,大湖股份,600257,Company
300374,恒通科技,300374,Company
962,东方钽业,962,Company
600763,通策医疗,600763,Company
600130,波导股份,600130,Company
2813,路畅科技,2813,Company
2621,三垒股份,2621,Company
300165,天瑞仪器,300165,Company
521,美菱电器,521,Company
600665,天地源,600665,Company
600695,绿庭投资,600695,Company
600003,东北高,600003,Company;ST
300362,天翔环境,300362,Company
603288,海天味业,603288,Company
600873,梅花生物,600873,Company
2409,雅克科技,2409,Company
2310,东方园林,2310,Company
300131,英唐智控,300131,Company
300170,汉得信息,300170,Company
600908,无锡银行,600908,Company
2722,金轮股份,2722,Company
200550,江铃Ｂ,200550,Company
603727,博迈科,603727,Company
2664,长鹰信质,2664,Company
657,中钨高新,657,Company
2363,隆基机械,2363,Company
2913,奥士康,2913,Company
600563,法拉电子,600563,Company
600899,信联,600899,Company;ST
300527,华舟应急,300527,Company
572,海马汽车,572,Company
200992,中鲁Ｂ,200992,Company
570,苏常柴Ａ,570,Company
600313,农发种业,600313,Company
600225,松江,600225,Company;ST
300452,山河药辅,300452,Company
300567,精测电子,300567,Company
911,南宁糖业,911,Company
2438,江苏神通,2438,Company
600153,建发股份,600153,Company
300384,三联虹普,300384,Company
985,大庆华科,985,Company
300089,文化长城,300089,Company
880,潍柴重机,880,Company
65,北方国际,65,Company
2702,海欣食品,2702,Company
600337,美克家居,600337,Company
63,中兴通讯,63,Company
2683,宏大爆破,2683,Company
603098,森特股份,603098,Company
600561,江西长运,600561,Company
2196,方正电机,2196,Company
600652,游久游戏,600652,Company
2809,红墙股份,2809,Company
402,金融街,402,Company
300163,先锋新材,300163,Company
887,中鼎股份,887,Company
600965,福成股份,600965,Company
600259,广晟有色,600259,Company
603909,合诚股份,603909,Company
600316,洪都航空,600316,Company
661,长春高新,661,Company
600132,重庆啤酒,600132,Company
2377,国创高新,2377,Company
900924,上工Ｂ股,900924,Company
603601,再升科技,603601,Company
300405,科隆股份,300405,Company
300380,安硕信息,300380,Company
300228,富瑞特装,300228,Company
300262,巴安水务,300262,Company
300365,恒华科技,300365,Company
600850,华东电脑,600850,Company
300366,创意信息,300366,Company
600012,皖通高速,600012,Company
679,大连友谊,679,Company
2134,普林,2134,Company;ST
603558,健盛集团,603558,Company
2554,惠博普,2554,Company
300079,数码科技,300079,Company
2193,如意集团,2193,Company
600868,梅雁吉祥,600868,Company
600192,长城电工,600192,Company
300313,天山生物,300313,Company
2032,苏泊尔,2032,Company
675,银山,675,Company;ST
600515,海航基础,600515,Company
600653,申华控股,600653,Company
600796,钱江生化,600796,Company
795,英洛华,795,Company
600298,安琪酵母,600298,Company
2344,海宁皮城,2344,Company
2368,太极股份,2368,Company
603308,应流股份,603308,Company
600547,山东黄金,600547,Company
300096,易联众,300096,Company
603559,中通国脉,603559,Company
2243,通产丽星,2243,Company
600764,中电广通,600764,Company
2069,獐子岛,2069,Company
2323,雅百特,2323,Company
300113,顺网科技,300113,Company
600753,东方银星,600753,Company
600081,东风科技,600081,Company
603636,南威软件,603636,Company
681,视觉中国,681,Company
2674,兴业科技,2674,Company
759,中百集团,759,Company
300004,南风股份,300004,Company
300067,安诺其,300067,Company
300101,振芯科技,300101,Company
523,广州浪奇,523,Company
300031,宝通科技,300031,Company
2249,大洋电机,2249,Company
600707,彩虹股份,600707,Company
300533,冰川网络,300533,Company
2049,紫光国芯,2049,Company
2497,雅化集团,2497,Company
900928,临港B股,900928,Company
300201,海伦哲,300201,Company
600884,杉杉股份,600884,Company
504,南华生物,504,Company
2272,川润股份,2272,Company
851,高鸿股份,851,Company
600637,东方明珠,600637,Company
900937,华电Ｂ股,900937,Company
601718,际华集团,601718,Company
603898,好莱客,603898,Company
2789,建艺集团,2789,Company
2478,常宝股份,2478,Company
600422,昆药集团,600422,Company
300252,金信诺,300252,Company
603365,水星家纺,603365,Company
300391,康跃科技,300391,Company
600655,豫园股份,600655,Company
600858,银座股份,600858,Company
600721,百花村,600721,Company
300333,兆日科技,300333,Company
300449,汉邦高科,300449,Company
2522,浙江众成,2522,Company
2290,中科新材,2290,Company
2232,启明信息,2232,Company
600812,华北制药,600812,Company
333,美的集团,333,Company
300218,安利股份,300218,Company
600575,皖江物流,600575,Company
600808,马钢股份,600808,Company
600647,同达创业,600647,Company
603703,盛洋科技,603703,Company
600985,雷鸣科化,600985,Company
2584,西陇科学,2584,Company
908,景峰医药,908,Company
2108,沧州明珠,2108,Company
600641,万业企业,600641,Company
300359,全通教育,300359,Company
603067,振华股份,603067,Company
2822,中装建设,2822,Company
300246,宝莱特,300246,Company
300109,新开源,300109,Company
2444,巨星科技,2444,Company
600877,嘉陵,600877,Company;ST
300296,利亚德,300296,Company
600190,锦州港,600190,Company
300256,星星科技,300256,Company
532,华金资本,532,Company
2395,双象股份,2395,Company
600449,宁夏建材,600449,Company
2570,贝因美,2570,Company
600551,时代出版,600551,Company
899,赣能股份,899,Company
603069,海汽集团,603069,Company
600543,莫高股份,600543,Company
600734,实达集团,600734,Company
603019,中科曙光,603019,Company
2827,高争民爆,2827,Company
300140,中环装备,300140,Company
603605,珀莱雅,603605,Company
2724,海洋王,2724,Company
2583,海能达,2583,Company
600743,华远地产,600743,Company
200468,宁通B,200468,Company;ST
2023,海特高新,2023,Company
600897,厦门空港,600897,Company
300320,海达股份,300320,Company
757,浩物股份,757,Company
419,通程控股,419,Company
300019,硅宝科技,300019,Company
300155,安居宝,300155,Company
603608,天创时尚,603608,Company
2775,文科园林,2775,Company
300037,新宙邦,300037,Company
2238,天威视讯,2238,Company
603959,百利科技,603959,Company
600610,中毅达,600610,Company
600876,洛阳玻璃,600876,Company
997,新大陆,997,Company
2496,辉丰股份,2496,Company
300509,新美星,300509,Company
600187,国中水务,600187,Company
300318,博晖创新,300318,Company
300043,星辉娱乐,300043,Company
2164,宁波东力,2164,Company
600256,广汇能源,600256,Company
820,神雾节能,820,Company
2304,洋河股份,2304,Company
600477,杭萧钢构,600477,Company
600340,华夏幸福,600340,Company
2738,中矿资源,2738,Company
156,华数传媒,156,Company
738,航发控制,738,Company
600100,同方股份,600100,Company
601633,长城汽车,601633,Company
300394,天孚通信,300394,Company
300231,银信科技,300231,Company
600559,老白干酒,600559,Company
600149,坊展,600149,Company;ST
900919,绿庭B股,900919,Company
300045,华力创通,300045,Company
600668,尖峰集团,600668,Company
600822,上海物贸,600822,Company
615,京汉股份,615,Company
600987,航民股份,600987,Company
300375,鹏翎股份,300375,Company
300030,阳普医疗,300030,Company
600317,营口港,600317,Company
2209,达意隆,2209,Company
2083,孚日股份,2083,Company
300018,中元股份,300018,Company
600446,金证股份,600446,Company
2412,汉森制药,2412,Company
600898,国美通讯,600898,Company
2244,滨江集团,2244,Company
600621,华鑫股份,600621,Company
600196,复星医药,600196,Company
603309,维力医疗,603309,Company
600220,江苏阳光,600220,Company
2367,康力电梯,2367,Company
603848,好太太,603848,Company
600688,上海石化,600688,Company
600718,东软集团,600718,Company
300162,雷曼股份,300162,Company
600217,中再资环,600217,Company
600269,赣粤高速,600269,Company
603328,依顿电子,603328,Company
600766,园城黄金,600766,Company
2517,恺英网络,2517,Company
600095,哈高科,600095,Company
600033,福建高速,600033,Company
601567,三星医疗,601567,Company
600127,金健米业,600127,Company
2188,巴士在线,2188,Company
2100,天康生物,2100,Company
607,华媒控股,607,Company
789,万年青,789,Company
600236,桂冠电力,600236,Company
600328,兰太实业,600328,Company
600864,哈投股份,600864,Company
548,湖南投资,548,Company
2074,国轩高科,2074,Company
300412,迦南科技,300412,Company
2778,高科石化,2778,Company
601777,力帆股份,601777,Company
600880,博瑞传播,600880,Company
900,现代投资,900,Company
200505,珠江B,200505,Company
50,深天马Ａ,50,Company
900907,鹏起Ｂ股,900907,Company
2182,云海金属,2182,Company
200053,深基地Ｂ,200053,Company
600098,广州发展,600098,Company
2169,智光电气,2169,Company
300539,横河模具,300539,Company
601699,潞安环能,601699,Company
300222,科大智能,300222,Company
758,中色股份,758,Company
300397,天和防务,300397,Company
2340,格林美,2340,Company
600569,安阳钢铁,600569,Company
600811,东方集团,600811,Company
300426,唐德影视,300426,Company
2653,海思科,2653,Company
2571,德力,2571,Company;ST
2356,赫美集团,2356,Company
600583,海油工程,600583,Company
571,新大洲Ａ,571,Company
2534,杭锅股份,2534,Company
2330,得利斯,2330,Company
35,中国天楹,35,Company
603029,天鹅股份,603029,Company
837,秦川机床,837,Company
600161,天坛生物,600161,Company
300021,大禹节水,300021,Company
300395,菲利华,300395,Company
603399,新华龙,603399,Company
300310,宜通世纪,300310,Company
600106,重庆路桥,600106,Company
2526,山东矿机,2526,Company
600600,青岛啤酒,600600,Company
2762,金发拉比,2762,Company
600589,广东榕泰,600589,Company
300132,青松股份,300132,Company
600801,华新水泥,600801,Company
597,东北制药,597,Company
600063,皖维高新,600063,Company
2590,万安科技,2590,Company
600719,大连热电,600719,Company
600686,金龙汽车,600686,Company
600620,天宸股份,600620,Company
601288,农业银行,601288,Company
2425,凯撒文化,2425,Company
2422,科伦药业,2422,Company
2062,宏润建设,2062,Company
671,阳光城,671,Company
2629,仁智股份,2629,Company
600145,新亿,600145,Company;ST
2207,准油,2207,Company;ST
300316,晶盛机电,300316,Company
158,常山北明,158,Company
300549,优德精密,300549,Company
600704,物产中大,600704,Company
300257,开山股份,300257,Company
2548,金新农,2548,Company
966,长源电力,966,Company
2649,博彦科技,2649,Company
600363,联创光电,600363,Company
2194,武汉凡谷,2194,Company
603033,三维股份,603033,Company
2252,上海莱士,2252,Company
300253,卫宁健康,300253,Company
600162,香江控股,600162,Company
2418,康盛股份,2418,Company
2494,华斯股份,2494,Company
300247,乐金健康,300247,Company
2373,千方科技,2373,Company
2713,东易日盛,2713,Company
600837,海通证券,600837,Company
2189,利达光电,2189,Company
600231,凌钢股份,600231,Company
970,中科三环,970,Company
2633,申科股份,2633,Company
600380,健康元,600380,Company
2095,生意宝,2095,Company
600888,新疆众和,600888,Company
2309,中利集团,2309,Company
300055,万邦达,300055,Company
300467,迅游科技,300467,Company
600397,安源煤业,600397,Company
900952,锦港Ｂ股,900952,Company
300187,永清环保,300187,Company
300287,飞利信,300287,Company
600919,江苏银行,600919,Company
2098,浔兴股份,2098,Company
33,新都退,33,Company
601011,宝泰隆,601011,Company
627,天茂集团,627,Company
166,申万宏源,166,Company
600749,西藏旅游,600749,Company
600215,长春经开,600215,Company
600532,宏达矿业,600532,Company
2414,高德红外,2414,Company
903,云内动力,903,Company
2011,盾安环境,2011,Company
300213,佳讯飞鸿,300213,Company
600841,上柴股份,600841,Company
37,深南电A,37,Company
601566,九牧王,601566,Company
300130,新国都,300130,Company
2386,天原集团,2386,Company
70,特发信息,70,Company
300331,苏大维格,300331,Company
600715,文投控股,600715,Company
2104,恒宝股份,2104,Company
603861,白云电器,603861,Company
300531,优博讯,300531,Company
300736,N百华,300736,Company
600712,南宁百货,600712,Company
877,天山股份,877,Company
600283,钱江水利,600283,Company
603083,剑桥科技,603083,Company
300281,金明精机,300281,Company
2143,印纪传媒,2143,Company
598,兴蓉环境,598,Company
2160,常铝股份,2160,Company
600425,青松,600425,Company;ST
600798,宁波海运,600798,Company
2728,特一药业,2728,Company
2349,精华制药,2349,Company
300516,久之洋,300516,Company
31,中粮地产,31,Company
300727,润禾材料,300727,Company
2260,德奥通航,2260,Company
600518,康美药业,600518,Company
2592,八菱科技,2592,Company
601233,桐昆股份,601233,Company
603005,晶方科技,603005,Company
300311,任子行,300311,Company
2803,吉宏股份,2803,Company
300151,昌红科技,300151,Company
600277,亿利洁能,600277,Company
2504,弘高,2504,Company;ST
787,创智,787,Company;ST
300581,晨曦航空,300581,Company
2823,凯中精密,2823,Company
2667,鞍重股份,2667,Company
2317,众生药业,2317,Company
2562,兄弟科技,2562,Company
716,黑芝麻,716,Company
2569,步森股份,2569,Company
600183,生益科技,600183,Company
721,西安饮食,721,Company
600092,精密,600092,Company;ST
603819,神力股份,603819,Company
2129,中环股份,2129,Company
2717,岭南园林,2717,Company
601390,中国中铁,601390,Company
600273,嘉化能源,600273,Company
600565,迪马股份,600565,Company
600333,长春燃气,600333,Company
600971,恒源煤电,600971,Company
300465,高伟达,300465,Company
600071,凤凰光学,600071,Company
600327,大东方,600327,Company
900926,宝信Ｂ,900926,Company
300039,上海凯宝,300039,Company
806,银河生物,806,Company
300064,豫金刚石,300064,Company
300205,天喻信息,300205,Company
600846,同济科技,600846,Company
2451,摩恩电气,2451,Company
2655,共达电声,2655,Company
600602,云赛智联,600602,Company
300044,赛为智能,300044,Company
300081,恒信东方,300081,Company
603036,如通股份,603036,Company
603658,安图生物,603658,Company
300356,光一科技,300356,Company
300418,昆仑万维,300418,Company
2261,拓维信息,2261,Company
717,韶钢松山,717,Company
601607,上海医药,601607,Company
600606,绿地控股,600606,Company
600960,渤海活塞,600960,Company
2262,恩华药业,2262,Company
2465,海格通信,2465,Company
300525,博思软件,300525,Company
600265,景谷,600265,Company;ST
2229,鸿博股份,2229,Company
300306,远方信息,300306,Company
593,大通燃气,593,Company
900927,物贸Ｂ股,900927,Company
600199,金种子酒,600199,Company
2627,宜昌交运,2627,Company
600330,天通股份,600330,Company
2279,久其软件,2279,Company
200022,深赤湾Ｂ,200022,Company
300298,三诺生物,300298,Company
600851,海欣股份,600851,Company
629,钒钛,629,Company;ST
601888,中国国旅,601888,Company
300448,浩云科技,300448,Company
300154,瑞凌股份,300154,Company
2599,盛通股份,2599,Company
600664,哈药股份,600664,Company
300576,容大感光,300576,Company
300345,红宇新材,300345,Company
600605,汇通能源,600605,Company
2626,金达威,2626,Company
600111,北方稀土,600111,Company
600078,澄星股份,600078,Company
300499,高澜股份,300499,Company
600660,福耀玻璃,600660,Company
600083,博信股份,600083,Company
300127,银河磁体,300127,Company
667,美好置业,667,Company
300696,爱乐达,300696,Company
603883,老百姓,603883,Company
2436,兴森科技,2436,Company
601369,陕鼓动力,601369,Company
2483,润邦股份,2483,Company
300192,科斯伍德,300192,Company
2179,中航光电,2179,Company
600582,天地科技,600582,Company
2564,天沃科技,2564,Company
2428,云南锗业,2428,Company
600102,莱钢股份,600102,Company
2236,大华股份,2236,Company
2102,冠福股份,2102,Company
300217,东方电热,300217,Company
2172,澳洋科技,2172,Company
300052,中青宝,300052,Company
600537,亿晶光电,600537,Company
601519,智慧,601519,Company;ST
603023,威帝股份,603023,Company
601811,新华文轩,601811,Company
2507,涪陵榨菜,2507,Company
534,万泽股份,534,Company
300032,金龙机电,300032,Company
600685,中船防务,600685,Company
200539,粤电力Ｂ,200539,Company
600258,首旅酒店,600258,Company
300511,雪榕生物,300511,Company
300460,惠伦晶体,300460,Company
2881,美格智能,2881,Company
601002,晋亿实业,601002,Company
600833,第一医药,600833,Company
2270,华明装备,2270,Company
603323,吴江银行,603323,Company
600125,铁龙物流,600125,Company
600756,浪潮软件,600756,Company
300049,福瑞股份,300049,Company
545,金浦钛业,545,Company
698,沈阳化工,698,Company
300440,运达科技,300440,Company
600804,鹏博士,600804,Company
2291,星期六,2291,Company
600497,驰宏锌锗,600497,Company
836,鑫茂科技,836,Company
603010,万盛股份,603010,Company
300385,雪浪环境,300385,Company
153,丰原药业,153,Company
600607,上实医药,600607,Company
2807,江阴银行,2807,Company
603338,浙江鼎力,603338,Company
2379,宏创控股,2379,Company
601727,上海电气,601727,Company
2706,良信电器,2706,Company
660,南华,660,Company;ST
2135,东南网架,2135,Company
300589,江龙船艇,300589,Company
601117,中国化学,601117,Company
300199,翰宇药业,300199,Company
513,丽珠集团,513,Company
603118,共进股份,603118,Company
600027,华电国际,600027,Company
200018,神州B,200018,Company
709,河钢股份,709,Company
2651,利君股份,2651,Company
600517,置信电气,600517,Company
748,长城信息,748,Company
600432,吉恩,600432,Company;ST
2282,博深工具,2282,Company
300206,理邦仪器,300206,Company
2200,云投生态,2200,Company
300234,开尔新材,300234,Company
600239,云南城投,600239,Company
300202,聚龙股份,300202,Company
300033,同花顺,300033,Company
536,华映科技,536,Company
300302,同有科技,300302,Company
300273,和佳股份,300273,Company
425,徐工机械,425,Company
600789,鲁抗医药,600789,Company
2092,中泰化学,2092,Company
2481,双塔食品,2481,Company
900923,百联Ｂ股,900923,Company
2400,省广股份,2400,Company
600064,南京高科,600064,Company
600999,招商证券,600999,Company
600288,大恒科技,600288,Company
600070,浙江富润,600070,Company
601601,中国太保,601601,Company
300508,维宏股份,300508,Company
2537,海联金汇,2537,Company
737,南风化工,737,Company
300399,京天利,300399,Company
603025,大豪科技,603025,Company
2300,太阳电缆,2300,Company
300036,超图软件,300036,Company
736,中交地产,736,Company
544,中原环保,544,Company
603936,博敏电子,603936,Company
2514,宝馨科技,2514,Company
600552,凯盛科技,600552,Company
200045,深纺织Ｂ,200045,Company
200521,皖美菱Ｂ,200521,Company
600235,民丰特纸,600235,Company
600505,西昌电力,600505,Company
2228,合兴包装,2228,Company
600805,悦达投资,600805,Company
2177,御银股份,2177,Company
905,厦门港务,905,Company
922,佳电,922,Company;ST
601336,新华保险,601336,Company
600053,九鼎投资,600053,Company
958,东方能源,958,Company
300168,万达信息,300168,Company
2641,永高股份,2641,Company
300243,瑞丰高材,300243,Company
200058,深赛格B,200058,Company
300070,碧水源,300070,Company
601918,新集能源,601918,Company
2441,众业达,2441,Company
300061,康旗股份,300061,Company
2071,长城影视,2071,Company
600865,百大集团,600865,Company
2359,北讯集团,2359,Company
601127,小康股份,601127,Company
2040,南京港,2040,Company
2791,坚朗五金,2791,Company
2585,双星新材,2585,Company
300108,吉药控股,300108,Company
2521,齐峰新材,2521,Company
300559,佳发安泰,300559,Company
600593,大连圣亚,600593,Company
603660,苏州科达,603660,Company
2398,建研集团,2398,Company
600736,苏州高新,600736,Company
600513,联环药业,600513,Company
517,荣安地产,517,Company
600076,康欣新材,600076,Company
600131,岷江水电,600131,Company
200017,深中华B,200017,Company
2149,西部材料,2149,Company
300355,蒙草生态,300355,Company
603669,灵康药业,603669,Company
600657,信达地产,600657,Company
900915,中路Ｂ股,900915,Company
300226,上海钢联,300226,Company
600276,恒瑞医药,600276,Company
600727,鲁北化工,600727,Company
601118,海南橡胶,601118,Company
300148,天舟文化,300148,Company
151,中成股份,151,Company
300569,天能重工,300569,Company
2230,科大讯飞,2230,Company
600428,中远海特,600428,Company
200168,舜喆B,200168,Company
600676,交运股份,600676,Company
300526,中潜股份,300526,Company
2202,金风科技,2202,Company
600487,亨通光电,600487,Company
300551,古鳌科技,300551,Company
2911,佛燃股份,2911,Company
600129,太极集团,600129,Company
2190,成飞集成,2190,Company
600193,创兴资源,600193,Company
300521,爱司凯,300521,Company
600703,三安光电,600703,Company
600576,祥源文化,600576,Company
600536,中国软件,600536,Company
200581,苏威孚Ｂ,200581,Company
600166,福田汽车,600166,Company
2245,澳洋顺昌,2245,Company
600178,东安动力,600178,Company
300169,天晟新材,300169,Company
659,中富,659,Company;ST
300212,易华录,300212,Company
620,新华联,620,Company
600168,武汉控股,600168,Company
300421,力星股份,300421,Company
300125,易世达,300125,Company
300309,吉艾科技,300309,Company
600635,大众公用,600635,Company
300342,天银机电,300342,Company
600572,康恩贝,600572,Company
600155,宝硕股份,600155,Company
600859,王府井,600859,Company
767,漳泽电力,767,Company
600795,国电电力,600795,Company
600742,一汽富维,600742,Company
2047,宝鹰股份,2047,Company
601268,二重,601268,Company;ST
600673,东阳光科,600673,Company
601101,昊华能源,601101,Company
600291,西水股份,600291,Company
2392,北京利尔,2392,Company
600590,泰豪科技,600590,Company
600386,北巴传媒,600386,Company
926,福星股份,926,Company
600745,闻泰科技,600745,Company
600025,华能水电,600025,Company
2576,通达动力,2576,Company
565,渝三峡Ａ,565,Company
600369,西南证券,600369,Company
300090,盛运环保,300090,Company
603017,中衡设计,603017,Company
2041,登海种业,2041,Company
595,宝实,595,Company;ST
600188,兖州煤业,600188,Company
200056,皇庭B,200056,Company
600365,通葡股份,600365,Company
300348,长亮科技,300348,Company
600615,丰华股份,600615,Company
599,青岛双星,599,Company
2285,世联行,2285,Company
200541,粤照明Ｂ,200541,Company
2755,东方新星,2755,Company
2830,名雕股份,2830,Company
600848,上海临港,600848,Company
600426,华鲁恒升,600426,Company
32,深桑达Ａ,32,Company
995,皇台酒业,995,Company
600406,国电南瑞,600406,Company
600661,新南洋,600661,Company
610,西安旅游,610,Company
600586,金晶科技,600586,Company
603701,德宏股份,603701,Company
798,中水渔业,798,Company
848,承德露露,848,Company
415,渤海金控,415,Company
2734,利民股份,2734,Company
603369,今世缘,603369,Company
2293,罗莱生活,2293,Company
2275,桂林三金,2275,Company
2210,飞马国际,2210,Company
2785,万里石,2785,Company
603268,松发股份,603268,Company
2579,中京电子,2579,Company
300240,飞力达,300240,Company
2263,大东南,2263,Company
600603,广汇物流,600603,Company
2439,启明星辰,2439,Company
300193,佳士科技,300193,Company
601801,皖新传媒,601801,Company
803,金宇,803,Company;ST
638,万方发展,638,Company
600066,宇通客车,600066,Company
600760,中航黑豹,600760,Company
2668,奥马电器,2668,Company
300058,蓝色光标,300058,Company
300528,幸福蓝海,300528,Company
2612,朗姿股份,2612,Company
2387,黑牛食品,2387,Company
600335,国机汽车,600335,Company
600500,中化国际,600500,Company
2039,黔源电力,2039,Company
601608,中信重工,601608,Company
2561,徐家汇,2561,Company
300408,三环集团,300408,Company
600189,吉林森工,600189,Company
600275,昌鱼,600275,Company;ST
2715,登云股份,2715,Company
538,云南白药,538,Company
600038,中直股份,600038,Company
300543,朗科智能,300543,Company
818,方大化工,818,Company
601799,星宇股份,601799,Company
600057,象屿股份,600057,Company
601688,华泰证券,601688,Company
2434,万里扬,2434,Company
2454,松芝股份,2454,Company
62,深圳华强,62,Company
601600,中国铝业,601600,Company
2601,龙蟒佰利,2601,Company
600439,瑞贝卡,600439,Company
601019,山东出版,601019,Company
685,中山公用,685,Company
931,中关村,931,Company
300723,一品红,300723,Company
2161,远望谷,2161,Company
600872,中炬高新,600872,Company
2828,贝肯能源,2828,Company
300558,贝达药业,300558,Company
920,南方汇通,920,Company
600143,金发科技,600143,Company
600336,澳柯玛,600336,Company
2594,比亚迪,2594,Company
300725,药石科技,300725,Company
900910,海立Ｂ股,900910,Company
832,龙涤,832,Company;ST
600555,海航创新,600555,Company
2242,九阳股份,2242,Company
600571,信雅达,600571,Company
2231,奥维通信,2231,Company
917,电广传媒,917,Company
28,国药一致,28,Company
2007,华兰生物,2007,Company
600587,新华医疗,600587,Company
600352,浙江龙盛,600352,Company
200025,特力Ｂ,200025,Company
2292,奥飞娱乐,2292,Company
2607,亚夏汽车,2607,Company
600285,羚锐制药,600285,Company
300308,中际旭创,300308,Company
46,泛海控股,46,Company
949,新乡化纤,949,Company
603477,振静股份,603477,Company
29,深深房Ａ,29,Company
785,武汉中商,785,Company
603108,润达医疗,603108,Company
600752,哈慈,600752,Company;ST
300137,先河环保,300137,Company
600429,三元股份,600429,Company
603900,莱绅通灵,603900,Company
300522,世名科技,300522,Company
407,胜利股份,407,Company
600770,综艺股份,600770,Company
300179,四方达,300179,Company
300144,宋城演艺,300144,Company
600794,保税科技,600794,Company
2501,利源精制,2501,Company
799,酒鬼酒,799,Company
2923,润都股份,2923,Company
300536,农尚环境,300536,Company
300457,赢合科技,300457,Company
902,新洋丰,902,Company
600420,现代制药,600420,Company
600649,城投控股,600649,Company
300437,清水源,300437,Company
925,众合科技,925,Company
601001,大同煤业,601001,Company
600030,中信证券,600030,Company
600557,康缘药业,600557,Company
600881,亚泰集团,600881,Company
300249,依米康,300249,Company
2464,众应互联,2464,Company
601,韶能股份,601,Company
600308,华泰股份,600308,Company
600201,生物股份,600201,Company
200012,南玻Ｂ,200012,Company
600272,开开实业,600272,Company
300573,兴齐眼药,300573,Company
159,国际实业,159,Company
1965,招商公路,1965,Company
601599,鹿港文化,601599,Company
300038,梅泰诺,300038,Company
2452,长高集团,2452,Company
663,永安林业,663,Company
600206,有研新材,600206,Company
300406,九强生物,300406,Company
600104,上汽集团,600104,Company
2558,巨人网络,2558,Company
760,斯太尔,760,Company
612,焦作万方,612,Company
600622,光大嘉宝,600622,Company
600305,恒顺醋业,600305,Company
2147,新光圆成,2147,Company
990,诚志股份,990,Company
2495,佳隆股份,2495,Company
2046,轴研科技,2046,Company
682,东方电子,682,Company
600701,工大高新,600701,Company
2613,北玻股份,2613,Company
600436,片仔癀,600436,Company
601636,旗滨集团,601636,Company
600004,白云机场,600004,Company
600817,宏盛,600817,Company;ST
605,渤海股份,605,Company
300545,联得装备,300545,Company
600580,卧龙电气,600580,Company
505,珠江控股,505,Company
39,中集集团,39,Company
300143,星普医科,300143,Company
600359,新农开发,600359,Company
2342,巨力索具,2342,Company
600226,瀚叶股份,600226,Company
2410,广联达,2410,Company
300128,锦富技术,300128,Company
601919,中远海控,601919,Company
30,富奥股份,30,Company
2812,创新股份,2812,Company
601166,兴业银行,601166,Company
603838,四通股份,603838,Company
2078,太阳纸业,2078,Company
300458,全志科技,300458,Company
2718,友邦吊顶,2718,Company
300560,中富通,300560,Company
600302,标准股份,600302,Company
600094,大名城,600094,Company
200152,山航Ｂ,200152,Company
200160,东沣B,200160,Company
300513,恒泰实达,300513,Company
603799,华友钴业,603799,Company
300034,钢研高纳,300034,Company
2628,成都路桥,2628,Company
2157,正邦科技,2157,Company
2485,希努尔,2485,Company
2486,嘉麟杰,2486,Company
600725,云维,600725,Company;ST
2480,新筑股份,2480,Company
600368,五洲交通,600368,Company
2014,永新股份,2014,Company
733,振华科技,733,Company
200020,深华发Ｂ,200020,Company
300466,赛摩电气,300466,Company
600080,金花股份,600080,Company
603997,继峰股份,603997,Company
300300,汉鼎宇佑,300300,Company
600296,S兰铝,600296,Company
2122,天马股份,2122,Company
2358,森源电气,2358,Company
300181,佐力药业,300181,Company
2329,皇氏集团,2329,Company
2609,捷顺科技,2609,Company
600203,福日电子,600203,Company
300149,量子高科,300149,Company
600172,黄河旋风,600172,Company
601818,光大银行,601818,Company
603001,奥康国际,603001,Company
300292,吴通控股,300292,Company
600723,首商股份,600723,Company
2687,乔治白,2687,Company
603688,石英股份,603688,Company
601928,凤凰传媒,601928,Company
725,京东方Ａ,725,Company
2372,伟星新材,2372,Company
838,财信发展,838,Company
2527,新时达,2527,Company
600000,浦发银行,600000,Company
603843,正平股份,603843,Company
300277,海联讯,300277,Company
300684,中石科技,300684,Company
2053,云南能投,2053,Company
300422,博世科,300422,Company
2557,洽洽食品,2557,Company
600613,神奇制药,600613,Company
988,华工科技,988,Company
594,国恒退,594,Company
2684,猛狮科技,2684,Company
300288,朗玛信息,300288,Company
7,全新好,7,Company
726,鲁泰Ａ,726,Company
600639,浦东金桥,600639,Company
603808,歌力思,603808,Company
603878,武进不锈,603878,Company
56,皇庭国际,56,Company
600684,珠江实业,600684,Company
300160,秀强股份,300160,Company
300190,维尔利,300190,Company
2513,蓝丰生化,2513,Company
601555,东吴证券,601555,Company
2280,联络互动,2280,Company
705,浙江震元,705,Company
600781,辅仁药业,600781,Company
2050,三花智控,2050,Company
600248,延长化建,600248,Company
2371,北方华创,2371,Company
301,东方市场,301,Company
900904,神奇B股,900904,Company
300541,先进数通,300541,Company
600788,达曼,600788,Company;ST
600263,路桥建设,600263,Company
2140,东华科技,2140,Company
2334,英威腾,2334,Company
2097,山河智能,2097,Company
507,珠海港,507,Company
27,深圳能源,27,Company
566,海南海药,566,Company
890,法尔胜,890,Company
300730,科创信息,300730,Company
600806,昆机,600806,Company;ST
600757,长江传媒,600757,Company
2021,中捷资源,2021,Company
965,天保基建,965,Company
300330,华虹计通,300330,Company
601886,江河集团,601886,Company
600301,南化,600301,Company;ST
603599,广信股份,603599,Company
600163,中闽能源,600163,Company
600609,金杯汽车,600609,Company
300260,新莱应材,300260,Company
200625,长安Ｂ,200625,Company
300230,永利股份,300230,Company
2817,黄山胶囊,2817,Company
601900,南方传媒,601900,Company
2297,博云新材,2297,Company
600780,通宝能源,600780,Company
2355,兴民智通,2355,Company
2084,海鸥卫浴,2084,Company
2028,思源电气,2028,Company
2516,旷达科技,2516,Company
2118,紫鑫药业,2118,Company
900939,汇丽B,900939,Company
300495,美尚生态,300495,Company
2328,新朋股份,2328,Company
600026,中远海能,600026,Company
200596,古井贡Ｂ,200596,Company
300073,当升科技,300073,Company
603823,百合花,603823,Company
300159,新研股份,300159,Company
300024,机器人,300024,Company
655,金岭矿业,655,Company
2670,国盛金控,2670,Company
2037,久联发展,2037,Company
600021,上海电力,600021,Company
2746,仙坛股份,2746,Company
300268,佳沃股份,300268,Company
2808,苏州恒久,2808,Company
2375,亚厦股份,2375,Company
43,中航地产,43,Company
2915,中欣氟材,2915,Company
812,陕西金叶,812,Company
2487,大金重工,2487,Company
603421,鼎信通讯,603421,Company
600981,汇鸿集团,600981,Company
600802,福建水泥,600802,Company
300546,雄帝科技,300546,Company
2663,普邦股份,2663,Company
600060,海信电器,600060,Company
300072,三聚环保,300072,Company
960,锡业股份,960,Company
600113,浙江东日,600113,Company
600728,佳都科技,600728,Company
300114,中航电测,300114,Company
2457,青龙管业,2457,Company
601628,中国人寿,601628,Company
600396,金山股份,600396,Company
600180,瑞茂通,600180,Company
300401,花园生物,300401,Company
600039,四川路桥,600039,Company
300276,三丰智能,300276,Company
501,鄂武商Ａ,501,Company
600358,国旅联合,600358,Company
2151,北斗星通,2151,Company
2174,游族网络,2174,Company
2424,贵州百灵,2424,Company
656,金科股份,656,Company
600332,白云山,600332,Company
601958,金钼股份,601958,Company
603018,中设集团,603018,Company
600350,山东高速,600350,Company
2426,胜利精密,2426,Company
830,鲁西化工,830,Company
600158,中体产业,600158,Company
2499,科林环保,2499,Company
300335,迪森股份,300335,Company
600375,华菱星马,600375,Company
900922,三毛B股,900922,Company
600191,华资实业,600191,Company
603809,豪能股份,603809,Company
300363,博腾股份,300363,Company
603555,贵人鸟,603555,Company
603027,千禾味业,603027,Company
600260,凯乐科技,600260,Company
600767,运盛,600767,Company;ST
300142,沃森生物,300142,Company
600135,乐凯胶片,600135,Company
300009,安科生物,300009,Company
2091,江苏国泰,2091,Company
600782,新钢股份,600782,Company
2059,云南旅游,2059,Company
300505,川金诺,300505,Company
422,湖北宜化,422,Company
829,天音控股,829,Company
601006,大秦铁路,601006,Company
601005,重钢,601005,Company;ST
26,飞亚达Ａ,26,Company
539,粤电力Ａ,539,Company
600211,西藏药业,600211,Company
601929,吉视传媒,601929,Company
600619,海立股份,600619,Company
600391,航发科技,600391,Company
603389,亚振家居,603389,Company
2166,莱茵生物,2166,Company
596,古井贡酒,596,Company
300299,富春股份,300299,Company
600900,长江电力,600900,Company
715,中兴商业,715,Company
601199,江南水务,601199,Company
2815,崇达技术,2815,Company
2043,兔宝宝,2043,Company
568,泸州老窖,568,Company
600339,中油工程,600339,Company
601139,深圳燃气,601139,Company
300435,中泰股份,300435,Company
300135,宝利国际,300135,Company
2316,键桥通讯,2316,Company
2268,卫士通,2268,Company
601339,百隆东方,601339,Company
600392,盛和资源,600392,Company
2800,天顺股份,2800,Company
2652,扬子新材,2652,Company
603816,顾家家居,603816,Company
2338,奥普光电,2338,Company
600035,楚天高速,600035,Company
300200,高盟新材,300200,Company
2044,美年健康,2044,Company
900917,海欣Ｂ股,900917,Company
2798,帝王洁具,2798,Company
2811,亚泰国际,2811,Company
600271,航天信息,600271,Company
2215,诺普信,2215,Company
600553,太行水泥,600553,Company
601299,中国北车,601299,Company
600103,青山纸业,600103,Company
601000,唐山港,601000,Company
632,三木集团,632,Company
531,穗恒运Ａ,531,Company
600692,亚通股份,600692,Company
650,仁和药业,650,Company
601099,太平洋,601099,Company
601106,一重,601106,Company;ST
2553,南方轴承,2553,Company
916,华北高速,916,Company
600604,市北高新,600604,Company
300198,纳川股份,300198,Company
2758,华通医药,2758,Company
529,广弘控股,529,Company
2475,立讯精密,2475,Company
2402,和而泰,2402,Company
300373,扬杰科技,300373,Company
600558,大西洋,600558,Company
600658,电子城,600658,Company
691,亚太实业,691,Company
601368,绿城水务,601368,Company
600121,郑煤,600121,Company;ST
601992,金隅股份,601992,Company
768,中航飞机,768,Company
603515,欧普照明,603515,Company
2552,宝鼎科技,2552,Company
2033,丽江旅游,2033,Company
600733,前锋,600733,Company;ST
600114,东睦股份,600114,Company
600592,龙溪股份,600592,Company
10,美丽生态,10,Company
2636,金安国纪,2636,Company
600959,江苏有线,600959,Company
600773,西藏城投,600773,Company
600546,山煤国际,600546,Company
636,风华高科,636,Company
2745,木林森,2745,Company
600249,两面针,600249,Company
603633,徕木股份,603633,Company
2574,明牌珠宝,2574,Company
300208,恒顺众昇,300208,Company
600073,上海梅林,600073,Company
600896,览海投资,600896,Company
2123,梦网集团,2123,Company
600137,浪莎股份,600137,Company
567,海德股份,567,Company
600714,金瑞矿业,600714,Company
603258,电魂网络,603258,Company
600630,龙头股份,600630,Company
300722,新余国科,300722,Company
2680,长生生物,2680,Company
2615,哈尔斯,2615,Company
300020,银江股份,300020,Company
300035,中科电气,300035,Company
600148,长春一东,600148,Company
2710,慈铭体检,2710,Company
2488,金固股份,2488,Company
969,安泰科技,969,Company
21,深科技,21,Company
816,智慧农业,816,Company
600566,济川药业,600566,Company
300146,汤臣倍健,300146,Company
600321,正源股份,600321,Company
600774,汉商集团,600774,Company
2237,恒邦股份,2237,Company
300664,鹏鹞环保,300664,Company
2705,新宝股份,2705,Company
300459,金科文化,300459,Company
603616,韩建河山,603616,Company
600768,宁波富邦,600768,Company
900942,黄山Ｂ股,900942,Company
11,深物业A,11,Company
300098,高新兴,300098,Company
2060,粤水电,2060,Company
300339,润和软件,300339,Company
2353,杰瑞股份,2353,Company
600634,富控互动,600634,Company
603970,中农立华,603970,Company
2801,微光股份,2801,Company
300048,合康新能,300048,Company
2567,唐人神,2567,Company
900953,凯马Ｂ,900953,Company
2740,爱迪尔,2740,Company
403,生化,403,Company;ST
601116,三江购物,601116,Company
600362,江西铜业,600362,Company
951,中国重汽,951,Company
601595,上海电影,601595,Company
2665,首航节能,2665,Company
600138,中青旅,600138,Company
603222,济民制药,603222,Company
601010,文峰股份,601010,Company
603918,金桥信息,603918,Company
581,威孚高科,581,Company
603198,迎驾贡酒,603198,Company
600761,安徽合力,600761,Company
2045,国光电器,2045,Company
980,众泰汽车,980,Company
600713,南京医药,600713,Company
601020,华钰矿业,601020,Company
601100,恒立液压,601100,Company
2343,慈文传媒,2343,Company
601186,中国铁建,601186,Company
200413,东旭B,200413,Company
2022,科华生物,2022,Company
600311,荣华实业,600311,Company
600747,大控,600747,Company;ST
600099,林海股份,600099,Company
300534,陇神戎发,300534,Company
719,大地传媒,719,Company
2150,通润装备,2150,Company
2152,广电运通,2152,Company
670,盈方微,670,Company
300561,汇金科技,300561,Company
88,盐田港,88,Company
601877,正泰电器,601877,Company
600599,熊猫金控,600599,Company
957,中通客车,957,Company
819,岳阳兴长,819,Company
519,中兵红箭,519,Company
525,红太阳,525,Company
932,华菱,932,Company;ST
600702,沱牌舍得,600702,Company
689,宏业,689,Company;ST
2747,埃斯顿,2747,Company
2076,雪莱特,2076,Company
2549,凯美特气,2549,Company
2533,金杯电工,2533,Company
600056,中国医药,600056,Company
96,广聚能源,96,Company
603577,汇金通,603577,Company
600481,双良节能,600481,Company
603058,永吉股份,603058,Company
603009,北特科技,603009,Company
603088,宁波精达,603088,Company
600731,湖南海利,600731,Company
2206,海利得,2206,Company
976,华铁股份,976,Company
600693,东百集团,600693,Company
554,泰山石油,554,Company
2370,亚太药业,2370,Company
601169,北京银行,601169,Company
600221,海航控股,600221,Company
2324,普利特,2324,Company
600933,爱柯迪,600933,Company
300214,日科化学,300214,Company
600240,华业资本,600240,Company
25,特力Ａ,25,Company
600581,八一钢铁,600581,Company
300255,常山药业,300255,Company
300729,乐歌股份,300729,Company
603416,信捷电气,603416,Company
600579,天华院,600579,Company
600961,株冶集团,600961,Company
603686,龙马环卫,603686,Company
300519,新光药业,300519,Company
300088,长信科技,300088,Company
2559,亚威股份,2559,Company
418,小天鹅Ａ,418,Company
2034,旺能环境,2034,Company
300047,天源迪科,300047,Company
300237,美晨生态,300237,Company
600228,昌九,600228,Company;ST
2068,黑猫股份,2068,Company
762,西藏矿业,762,Company
526,紫学,526,Company;ST
2327,富安娜,2327,Company
2622,融钰集团,2622,Company
300453,三鑫医疗,300453,Company
300074,华平股份,300074,Company
300145,中金环境,300145,Company
601016,节能风电,601016,Company
300432,富临精工,300432,Company
600595,中孚实业,600595,Company
8,神州高铁,8,Company
300446,乐凯新材,300446,Company
600824,益民集团,600824,Company
2199,东晶电子,2199,Company
600381,青海春天,600381,Company
600539,狮头股份,600539,Company
601677,明泰铝业,601677,Company
600242,中昌数据,600242,Company
600525,长园集团,600525,Company
731,四川美丰,731,Company
600093,易见股份,600093,Company
300225,金力泰,300225,Company
200029,深深房Ｂ,200029,Company
300305,裕兴股份,300305,Company
600292,远达环保,600292,Company
2138,顺络电子,2138,Company
2421,达实智能,2421,Company
603977,国泰集团,603977,Company
600058,五矿发展,600058,Company
300325,德威新材,300325,Company
408,藏格控股,408,Company
600079,人福医药,600079,Company
2589,瑞康医药,2589,Company
603887,城地股份,603887,Company
601611,中国核建,601611,Company
2064,华峰氨纶,2064,Company
601678,滨化股份,601678,Company
2106,莱宝高科,2106,Company
2419,天虹股份,2419,Company
619,海螺型材,619,Company
533,万家乐,533,Company
625,长安汽车,625,Company
600631,百联股份,600631,Company
600963,岳阳林纸,600963,Company
563,陕国投Ａ,563,Company
300409,道氏技术,300409,Company
600523,贵航股份,600523,Company
600813,鞍一工,600813,Company;ST
600550,保变电气,600550,Company
600400,红豆股份,600400,Company
617,中油资本,617,Company
300042,朗科科技,300042,Company
701,厦门信达,701,Company
300156,神雾环保,300156,Company
603077,和邦生物,603077,Company
601158,重庆水务,601158,Company
300053,欧比特,300053,Company
600370,三房巷,600370,Company
2057,中钢天源,2057,Company
2619,艾格拉斯,2619,Company
686,东北证券,686,Company
300319,麦捷科技,300319,Company
600650,锦江投资,600650,Company
600730,中国高科,600730,Company
955,欣龙控股,955,Company
19,深深宝Ａ,19,Company
300553,集智股份,300553,Company
893,东凌国际,893,Company
601168,西部矿业,601168,Company
2460,赣锋锂业,2460,Company
300424,航新科技,300424,Company
652,泰达股份,652,Company
2790,瑞尔特,2790,Company
2054,德美化工,2054,Company
600227,赤天化,600227,Company
300203,聚光科技,300203,Company
723,美锦能源,723,Company
2223,鱼跃医疗,2223,Company
600287,江苏舜天,600287,Company
2688,金河生物,2688,Company
707,双环科技,707,Company
923,河北宣工,923,Company
300025,华星创业,300025,Company
600765,中航重机,600765,Company
600893,航发动力,600893,Company
2620,瑞和股份,2620,Company
600531,豫光金铅,600531,Company
600281,太化股份,600281,Company
797,中国武夷,797,Company
300204,舒泰神,300204,Company
989,九芝堂,989,Company
300153,科泰电源,300153,Company
2698,博实股份,2698,Company
603885,吉祥航空,603885,Company
2407,多氟多,2407,Company
600022,山东钢铁,600022,Company
900921,丹科B,900921,Company;ST
600748,上实发展,600748,Company
600486,扬农化工,600486,Company
600682,南京新百,600682,Company
556,PT南洋,556,Company
2385,大北农,2385,Company
2173,创新医疗,2173,Company
2659,中泰桥梁,2659,Company
603030,全筑股份,603030,Company
2712,思美传媒,2712,Company
200488,晨鸣Ｂ,200488,Company
600251,冠农股份,600251,Company
300263,隆华节能,300263,Company
2556,辉隆股份,2556,Company
2831,裕同科技,2831,Company
2301,齐心集团,2301,Company
735,罗牛山,735,Company
900957,凌云Ｂ股,900957,Company
603609,禾丰牧业,603609,Company
600267,海正药业,600267,Company
2675,东诚药业,2675,Company
2121,科陆电子,2121,Company
876,新希望,876,Company
600405,动力源,600405,Company
2751,易尚展示,2751,Company
2128,露天煤业,2128,Company
600656,退市博元,600656,Company
300400,劲拓股份,300400,Company
543,皖能电力,543,Company
300343,联创互联,300343,Company
601558,锐电,601558,Company;ST
409,山东地矿,409,Company
601965,中国汽研,601965,Company
603939,益丰药房,603939,Company
300238,冠昊生物,300238,Company
587,金洲慈航,587,Company
600732,新梅,600732,Company;ST
2006,精功科技,2006,Company
600867,通化东宝,600867,Company
600354,敦煌种业,600354,Company
601018,宁波港,601018,Company
603007,花王股份,603007,Company
300278,华昌达,300278,Company
2341,新纶科技,2341,Company
300083,劲胜智能,300083,Company
601198,东兴证券,601198,Company
600366,宁波韵升,600366,Company
972,中基,972,Company;ST
68,华控赛格,68,Company
300347,泰格医药,300347,Company
2167,东方锆业,2167,Company
2133,广宇集团,2133,Company
300227,光韵达,300227,Company
2088,鲁阳节能,2088,Company
603588,高能环境,603588,Company
633,合金投资,633,Company
600326,西藏天路,600326,Company
603333,明星电缆,603333,Company
600307,酒钢宏兴,600307,Company
5,世纪星源,5,Company
603726,朗迪集团,603726,Company
300063,天龙集团,300063,Company
2239,奥特佳,2239,Company
600769,祥龙电业,600769,Company
2539,云图控股,2539,Company
300353,东土科技,300353,Company
888,峨眉山Ａ,888,Company
300161,华中数控,300161,Company
2920,德赛西威,2920,Company
2248,东数,2248,Company;ST
300105,龙源技术,300105,Company
300248,新开普,300248,Company
2299,圣农发展,2299,Company
2749,国光股份,2749,Company
300188,美亚柏科,300188,Company
600744,华银电力,600744,Company
600755,厦门国贸,600755,Company
601137,博威合金,601137,Company
2124,天邦股份,2124,Company
2529,海源机械,2529,Company
601163,三角轮胎,601163,Company
300264,佳创视讯,300264,Company
930,中粮生化,930,Company
800,一汽轿车,800,Company
300314,戴维医疗,300314,Company
300236,上海新阳,300236,Company
780,平能,780,Company;ST
300407,凯发电气,300407,Company
2369,卓翼科技,2369,Company
603159,上海亚虹,603159,Company
600463,空港股份,600463,Company
600252,中恒集团,600252,Company
600232,金鹰股份,600232,Company
200054,建车B,200054,Company
2294,信立泰,2294,Company
2027,分众传媒,2027,Company
600082,海泰发展,600082,Company
601007,金陵饭店,601007,Company
300392,腾信股份,300392,Company
300547,川环科技,300547,Company
300390,天华超净,300390,Company
600512,腾达建设,600512,Company
300250,初灵信息,300250,Company
300182,捷成股份,300182,Company
600031,三一重工,600031,Company
576,广东甘化,576,Company
600219,南山铝业,600219,Company
550,江铃汽车,550,Company
600835,上海机电,600835,Company
2532,新界泵业,2532,Company
600825,新华传媒,600825,Company
600687,刚泰控股,600687,Company
200016,深康佳Ｂ,200016,Company
603828,柯利达,603828,Company
1896,豫能控股,1896,Company
300480,光力科技,300480,Company
713,丰乐种业,713,Company
2650,加加食品,2650,Company
600346,恒力股份,600346,Company
600759,洲际油气,600759,Company
300080,易成新能,300080,Company
600750,江中药业,600750,Company
676,智度股份,676,Company
300013,新宁物流,300013,Company
300726,宏达电子,300726,Company
900946,天雁B股,900946,Company
300172,中电环保,300172,Company
300006,莱美药业,300006,Company
2541,鸿路钢构,2541,Company
2492,恒基达鑫,2492,Company
603528,多伦科技,603528,Company
782,美达股份,782,Company
600488,天药股份,600488,Company
300008,天海防务,300008,Company
600860,京城,600860,Company;ST
2679,福建金森,2679,Company
2388,新亚制程,2388,Company
2603,以岭药业,2603,Company
2063,远光软件,2063,Company
600408,安泰集团,600408,Company
300337,银邦股份,300337,Company
793,华闻传媒,793,Company
300428,四通新材,300428,Company
23,深天地Ａ,23,Company
600838,上海九百,600838,Company
17,深中华A,17,Company
300444,双杰电气,300444,Company
603456,九洲药业,603456,Company
300427,红相电力,300427,Company
600356,恒丰纸业,600356,Company
2264,新华都,2264,Company
802,北京文化,802,Company
2806,华锋股份,2806,Company
603131,上海沪工,603131,Company
2661,克明面业,2661,Company
300014,亿纬锂能,300014,Company
833,贵糖股份,833,Company
300411,金盾股份,300411,Company
551,创元科技,551,Company
600222,太龙药业,600222,Company
600988,赤峰黄金,600988,Company
600250,南纺股份,600250,Company
603889,新澳股份,603889,Company
600834,申通地铁,600834,Company
2777,久远银海,2777,Company
603698,航天工程,603698,Company
600319,亚星化学,600319,Company
300054,鼎龙股份,300054,Company
200613,东海B,200613,Company;ST
600754,锦江股份,600754,Company
600708,光明地产,600708,Company
300537,广信材料,300537,Company
2788,鹭燕医药,2788,Company
601997,贵阳银行,601997,Company
2383,合众思壮,2383,Company
611,天首发展,611,Company
600435,北方导航,600435,Company
2690,美亚光电,2690,Company
600233,圆通速递,600233,Company
600549,厦门钨业,600549,Company
2360,同德化工,2360,Company
603901,永创智能,603901,Company
600866,星湖科技,600866,Company
613,东海A,613,Company;ST
600088,中视传媒,600088,Company
603100,川仪股份,603100,Company
600300,维维股份,600300,Company
2331,皖通科技,2331,Company
300123,太阳鸟,300123,Company
600017,日照港,600017,Company
600401,海润,600401,Company;ST
2002,鸿达兴业,2002,Company
2635,安洁科技,2635,Company
2743,富煌钢构,2743,Company
603278,大业股份,603278,Company
600,建投能源,600,Company
300600,瑞特股份,300600,Company
600617,国新能源,600617,Company
600419,天润乳业,600419,Company
603377,东方时尚,603377,Company
601398,工商银行,601398,Company
792,盐湖股份,792,Company
2654,万润科技,2654,Company
603716,塞力斯,603716,Company
2187,广百股份,2187,Company
2493,荣盛石化,2493,Company
600675,中华企业,600675,Company
2505,大康农业,2505,Company
300176,鸿特精密,300176,Company
300239,东宝生物,300239,Company
601789,宁波建工,601789,Company
300515,三德科技,300515,Company
603806,福斯特,603806,Company
626,远大控股,626,Company
600270,外运发展,600270,Company
600343,航天动力,600343,Company
300615,欣天科技,300615,Company
300186,大华农,300186,Company
600136,当代明诚,600136,Company
300317,珈伟股份,300317,Company
600588,用友网络,600588,Company
600694,大商股份,600694,Company
2278,神开股份,2278,Company
601015,陕西黑猫,601015,Company
600790,轻纺城,600790,Company
2019,亿帆医药,2019,Company
2919,名臣健康,2919,Company
2630,华西能源,2630,Company
300529,健帆生物,300529,Company
600116,三峡水利,600116,Company
2155,湖南黄金,2155,Company
600917,重庆燃气,600917,Company
40,东旭蓝天,40,Company
601857,中国石油,601857,Company
2061,浙江交科,2061,Company
900912,外高Ｂ股,900912,Company
49,德赛电池,49,Company
603022,新通联,603022,Company
603585,苏利股份,603585,Company
404,华意压缩,404,Company
677,恒天海龙,677,Company
2542,中化岩土,2542,Company
2711,欧浦智网,2711,Company
2352,顺丰控股,2352,Company
2221,东华能源,2221,Company
300027,华谊兄弟,300027,Company
2255,海陆重工,2255,Company
200011,深物业B,200011,Company
600726,华电能源,600726,Company
552,靖远煤电,552,Company
963,华东医药,963,Company
300086,康芝药业,300086,Company
600591,上航,600591,Company;ST
600075,新疆天业,600075,Company
2130,沃尔核材,2130,Company
600329,中新药业,600329,Company
300295,三六五网,300295,Company
953,河化,953,Company;ST
24,招商地产,24,Company
900934,锦江Ｂ股,900934,Company
300126,锐奇股份,300126,Company
2411,必康股份,2411,Company
869,张裕Ａ,869,Company
600293,三峡新材,600293,Company
2086,东方海洋,2086,Company
702,正虹科技,702,Company
600815,厦工,600815,Company;ST
600331,宏达股份,600331,Company
600724,宁波富达,600724,Company
603368,柳州医药,603368,Company
2376,新北洋,2376,Company
600777,新潮能源,600777,Company
300571,平治信息,300571,Company
429,粤高速Ａ,429,Company
2447,壹桥股份,2447,Company
2531,天顺风能,2531,Company
892,欢瑞世纪,892,Company
600385,山东金泰,600385,Company
300489,中飞股份,300489,Company
600887,伊利股份,600887,Company
546,金圆股份,546,Company
1979,招商蛇口,1979,Company
2445,中南文化,2445,Company
600584,长电科技,600584,Company
2216,三全食品,2216,Company
2241,歌尔股份,2241,Company
2,万科Ａ,2,Company
600478,科力远,600478,Company
150,宜华健康,150,Company
683,远兴能源,683,Company
300376,易事特,300376,Company
300173,智慧松德,300173,Company
2099,海翔药业,2099,Company
600146,商赢环球,600146,Company
600469,风神股份,600469,Company
2829,星网宇达,2829,Company
600810,神马股份,600810,Company
2018,华信国际,2018,Company
603738,泰晶科技,603738,Company
2119,康强电子,2119,Company
2591,恒大高新,2591,Company
600638,新黄浦,600638,Company
421,南京公用,421,Company
669,金鸿控股,669,Company
2921,联诚精密,2921,Company
862,银星能源,862,Company
2816,和科达,2816,Company
2094,青岛金王,2094,Company
900916,凤凰B股,900916,Company
2204,大连重工,2204,Company
600255,梦舟股份,600255,Company
2917,金奥博,2917,Company
600485,信威集团,600485,Company
69,华侨城Ａ,69,Company
761,本钢板材,761,Company
603311,金海环境,603311,Company
300321,同大股份,300321,Company
2581,未名医药,2581,Company
2820,桂发祥,2820,Company
300520,科大国创,300520,Company
2274,华昌化工,2274,Company
300732,设研院,300732,Company
601899,紫金矿业,601899,Company
600645,中源协和,600645,Company
2313,日海通讯,2313,Company
2515,金字火腿,2515,Company
561,烽火电子,561,Company
300512,中亚股份,300512,Company
603800,道森股份,603800,Company
589,黔轮胎Ａ,589,Company
600475,华光股份,600475,Company
2727,一心堂,2727,Company
600493,凤竹纺织,600493,Company
300258,精锻科技,300258,Company
2417,三元达,2417,Company
2832,比音勒芬,2832,Company
2311,海大集团,2311,Company
637,茂化实华,637,Company
2616,长青集团,2616,Company
600522,中天科技,600522,Company
66,中国长城,66,Company
786,北新建材,786,Company
601901,方正证券,601901,Company
2277,友阿股份,2277,Company
600480,凌云股份,600480,Company
2227,奥特迅,2227,Company
983,西山煤电,983,Company
600460,士兰微,600460,Company
601668,中国建筑,601668,Company
600771,广誉远,600771,Company
78,海王生物,78,Company
631,顺发恒业,631,Company
938,紫光股份,938,Company
2101,广东鸿图,2101,Company
933,神火股份,933,Company
300301,长方集团,300301,Company
603869,北部湾旅,603869,Company
603919,金徽酒,603919,Company
601933,永辉超市,601933,Company
100,TCL集团,100,Company
603111,康尼机电,603111,Company
600470,六国化工,600470,Company
603355,莱克电气,603355,Company
573,粤宏远Ａ,573,Company
600843,上工申贝,600843,Company
601669,中国电建,601669,Company
2530,金财互联,2530,Company
895,双汇发展,895,Company
2637,赞宇科技,2637,Company
2013,中航机电,2013,Company
2185,华天科技,2185,Company
601222,林洋能源,601222,Company
936,华西股份,936,Company
600229,城市传媒,600229,Company
2144,宏达高科,2144,Company
600456,宝钛股份,600456,Company
2114,罗平锌电,2114,Company
600633,浙数文化,600633,Company
600644,乐山电力,600644,Company
2442,龙星化工,2442,Company
300104,乐视网,300104,Company
601021,春秋航空,601021,Company
752,西藏发展,752,Company
600280,中央商场,600280,Company
900932,陆家Ｂ股,900932,Company
2120,韵达股份,2120,Company
2085,万丰奥威,2085,Company
600210,紫江企业,600210,Company
600978,宜华生活,600978,Company
2700,新疆浩源,2700,Company
600096,云天化,600096,Company
600984,建设机械,600984,Company
300003,乐普医疗,300003,Company
300069,金利华电,300069,Company
200726,鲁泰Ｂ,200726,Company
603012,创力集团,603012,Company
2321,华英农业,2321,Company
547,航天发展,547,Company
600706,曲江文旅,600706,Company
600455,博通股份,600455,Company
601069,西部黄金,601069,Company
2004,华邦健康,2004,Company
692,惠天热电,692,Company
300510,金冠电气,300510,Company
2364,中恒电气,2364,Company
603888,新华网,603888,Company
45,深纺织Ａ,45,Company
900956,东贝Ｂ股,900956,Company
600568,中珠医疗,600568,Company
900901,云赛Ｂ股,900901,Company
603003,龙宇燃油,603003,Company
2266,浙富控股,2266,Company
2008,大族激光,2008,Company
600722,金牛化工,600722,Company
2544,杰赛科技,2544,Company
622,恒立实业,622,Company
300433,蓝思科技,300433,Company
601616,广电电气,601616,Company
600503,华丽家族,600503,Company
300304,云意电气,300304,Company
975,银泰资源,975,Company
2780,三夫户外,2780,Company
600416,湘电股份,600416,Company
537,广宇发展,537,Company
2617,露笑科技,2617,Company
300122,智飞生物,300122,Company
600150,中国船舶,600150,Company
603519,立霸股份,603519,Company
410,沈机,410,Company;ST
2127,南极电商,2127,Company
16,深康佳Ａ,16,Company
2325,洪涛股份,2325,Company
300556,丝路视觉,300556,Company
200570,苏常柴Ｂ,200570,Company
861,海印股份,861,Company
600209,罗顿发展,600209,Company
600855,航天长峰,600855,Company
2350,北京科锐,2350,Company
600624,复旦复华,600624,Company
600506,香梨股份,600506,Company
2463,沪电股份,2463,Company
852,石化机械,852,Company
809,新城,809,Company;ST
300377,赢时胜,300377,Company
600895,张江高科,600895,Company
929,兰州黄河,929,Company
600389,江山股份,600389,Company
2470,金正大,2470,Company
300312,邦讯技术,300312,Company
603128,华贸物流,603128,Company
300572,安车检测,300572,Company
600169,太原重工,600169,Company
300157,恒泰艾普,300157,Company
300005,探路者,300005,Company
813,德展健康,813,Company
300224,正海磁材,300224,Company
2213,特尔佳,2213,Company
2038,双鹭药业,2038,Company
2466,天齐锂业,2466,Company
2500,山西证券,2500,Company
600438,通威股份,600438,Company
300346,南大光电,300346,Company
600885,宏发股份,600885,Company
2192,融捷股份,2192,Company
601058,赛轮金宇,601058,Company
600717,天津港,600717,Company
511,烯碳,511,Company;ST
600107,美尔雅,600107,Company
300429,强力新材,300429,Company
981,银亿股份,981,Company
20,深华发Ａ,20,Company
300065,海兰信,300065,Company
2433,太安堂,2433,Company
2660,茂硕电源,2660,Company
666,经纬纺机,666,Company
628,高新发展,628,Company
2555,三七互娱,2555,Company
961,中南建设,961,Company
968,蓝焰控股,968,Company
601717,郑煤机,601717,Company
863,三湘印象,863,Company
2759,天际股份,2759,Company
600109,国金证券,600109,Company
900936,鄂资Ｂ股,900936,Company
600729,重庆百货,600729,Company
416,民生控股,416,Company
600433,冠豪高新,600433,Company
2825,纳尔股份,2825,Company
600379,宝光股份,600379,Company
2566,益盛药业,2566,Company
2647,民盛金科,2647,Company
600680,上普,600680,Company;ST
300538,同益股份,300538,Company
300388,国祯环保,300388,Company
300378,鼎捷软件,300378,Company
2721,金一文化,2721,Company
600597,光明乳业,600597,Company
300254,仟源医药,300254,Company
600979,广安爱众,600979,Company
2462,嘉事堂,2462,Company
36,华联控股,36,Company
600382,广东明珠,600382,Company
2080,中材科技,2080,Company
2186,全聚德,2186,Company
2604,龙力生物,2604,Company
601908,京运通,601908,Company
603737,三棵树,603737,Company
300382,斯莱克,300382,Company
600009,上海机场,600009,Company
2016,世荣兆业,2016,Company
300303,聚飞光电,300303,Company
423,东阿阿胶,423,Company
2162,悦心健康,2162,Company
300575,中旗股份,300575,Company
900933,华新Ｂ股,900933,Company
601111,中国国航,601111,Company
603890,春秋电子,603890,Company
2258,利尔化学,2258,Company
603822,嘉澳环保,603822,Company
600495,晋西车轴,600495,Company
603099,长白山,603099,Company
2051,中工国际,2051,Company
2535,林州重机,2535,Company
977,浪潮信息,977,Company
600490,鹏欣资源,600490,Company
601618,中国中冶,601618,Company
600926,杭州银行,600926,Company
601880,大连港,601880,Company
300075,数字政通,300075,Company
600863,内蒙华电,600863,Company
2406,远东传动,2406,Company
600775,南京熊猫,600775,Company
815,美利云,815,Company
600467,好当家,600467,Company
906,浙商中拓,906,Company
600758,红阳能源,600758,Company
2657,中科金财,2657,Company
600870,厦华电子,600870,Company
600936,广西广电,600936,Company
603998,方盛制药,603998,Company
300371,汇中股份,300371,Company
300221,银禧科技,300221,Company
2212,南洋股份,2212,Company
2246,北化股份,2246,Company
2686,亿利达,2686,Company
518,四环生物,518,Company
2026,山东威达,2026,Company
601866,中远海发,601866,Company
603161,科华控股,603161,Company
2214,大立科技,2214,Company
777,中核科技,777,Company
600716,凤凰股份,600716,Company
300209,天泽信息,300209,Company
300285,国瓷材料,300285,Company
300270,中威电子,300270,Company
603619,中曼石油,603619,Company
603711,香飘飘,603711,Company
300402,宝色股份,300402,Company
600318,新力金融,600318,Company
300062,中能电气,300062,Company
603989,艾华集团,603989,Company
998,隆平高科,998,Company
600050,中国联通,600050,Company
2073,软控股份,2073,Company
2482,广田集团,2482,Company
603699,纽威股份,603699,Company
918,嘉凯城,918,Company
603166,福达股份,603166,Company
600856,中天能源,600856,Company
300282,汇冠股份,300282,Company
2508,老板电器,2508,Company
300116,坚瑞沃能,300116,Company
2420,毅昌股份,2420,Company
616,海航投资,616,Company
2703,浙江世宝,2703,Company
600519,贵州茅台,600519,Company
200512,闽灿坤Ｂ,200512,Company
300087,荃银高科,300087,Company
2614,奥佳华,2614,Company
601008,连云港,601008,Company
801,四川九洲,801,Company
901,航天科技,901,Company
600207,安彩高科,600207,Company
600253,天方药业,600253,Company
600448,华纺股份,600448,Company
300548,博创科技,300548,Company
601003,柳钢股份,601003,Company
882,华联股份,882,Company
2709,天赐材料,2709,Company
600387,海越股份,600387,Company
600176,中国巨石,600176,Company
2374,丽鹏股份,2374,Company
2081,金螳螂,2081,Company
2354,天神娱乐,2354,Company
155,川化股份,155,Company
600827,百联股份,600827,Company
522,白云山A,522,Company
600284,浦东建设,600284,Company
300133,华策影视,300133,Company
2692,睿康股份,2692,Company
300423,鲁亿通,300423,Company
2509,天广中茂,2509,Company
300241,瑞丰光电,300241,Company
2067,景兴纸业,2067,Company
2056,横店东磁,2056,Company
300279,和晶科技,300279,Company
590,启迪古汉,590,Company
2819,东方中科,2819,Company
601808,中海油服,601808,Company
805,炎黄,805,Company;ST
600351,亚宝药业,600351,Company
2109,兴化股份,2109,Company
2055,得润电子,2055,Company
300450,先导智能,300450,Company
2427,尤夫股份,2427,Company
2314,南山控股,2314,Company
600373,中文传媒,600373,Company
687,华讯方舟,687,Company
600598,北大荒,600598,Company
603667,五洲新春,603667,Company
783,长江证券,783,Company
2440,闰土股份,2440,Company
600197,伊力特,600197,Company
603788,宁波高发,603788,Company
600195,中牧股份,600195,Company
42,中洲控股,42,Company
300570,太辰光,300570,Company
2472,双环传动,2472,Company
600115,东方航空,600115,Company
2089,新海宜,2089,Company
2810,山东赫达,2810,Company
2818,富森美,2818,Company
790,泰合健康,790,Company
2826,易明医药,2826,Company
300185,通裕重工,300185,Company
600182,S佳通,600182,Company
34,神州数码,34,Company
2642,荣之联,2642,Company
600698,湖南天雁,600698,Company
600230,沧州大化,600230,Company
693,华泽,693,Company;ST
900909,华谊B股,900909,Company
300438,鹏辉能源,300438,Company
603859,能科股份,603859,Company
603618,杭电股份,603618,Company
300211,亿通科技,300211,Company
600086,东方金钰,600086,Company
2305,南国置业,2305,Company
600909,华安证券,600909,Company
778,新兴铸管,778,Company
603990,麦迪科技,603990,Company
600179,安通控股,600179,Company
2077,大港股份,2077,Company
300001,特锐德,300001,Company
600501,航天晨光,600501,Company
600857,宁波中百,600857,Company
300323,华灿光电,300323,Company
603611,诺力股份,603611,Company
2429,兆驰股份,2429,Company
2456,欧菲科技,2456,Company
601377,兴业证券,601377,Company
2639,雪人股份,2639,Company
600002,齐鲁石化,600002,Company
157,中联重科,157,Company
600061,国投资本,600061,Company
300071,华谊嘉信,300071,Company
900948,伊泰Ｂ股,900948,Company
300110,华仁药业,300110,Company
603015,弘讯科技,603015,Company
300451,创业软件,300451,Company
600820,隧道股份,600820,Company
300518,盛讯达,300518,Company
300735,光弘科技,300735,Company
300266,兴源环境,300266,Company
200030,富奥B,200030,Company
300189,神农基因,300189,Company
2708,光洋股份,2708,Company
600399,抚顺特钢,600399,Company
2180,纳思达,2180,Company
2171,楚江新材,2171,Company
300174,元力股份,300174,Company
601989,中国重工,601989,Company
300349,金卡智能,300349,Company
600874,创业环保,600874,Company
600831,广电网络,600831,Company
601991,大唐发电,601991,Company
729,燕京啤酒,729,Company
919,金陵药业,919,Company
2520,日发精机,2520,Company
630,铜陵有色,630,Company
2611,东方精工,2611,Company
200771,杭汽轮Ｂ,200771,Company
600883,博闻科技,600883,Company
826,启迪桑德,826,Company
900903,大众Ｂ股,900903,Company
600785,新华百货,600785,Company
300274,阳光电源,300274,Company
600784,鲁银投资,600784,Company
600067,冠城大通,600067,Company
603188,亚邦股份,603188,Company
300136,信维通信,300136,Company
2010,传化智联,2010,Company
900945,海控Ｂ股,900945,Company
935,四川双马,935,Company
300338,开元股份,300338,Company
688,建新矿业,688,Company
2681,奋达科技,2681,Company
2716,金贵银业,2716,Company
600528,中铁工业,600528,Company
603,盛达矿业,603,Company
600681,百川能源,600681,Company
755,三维,755,Company;ST
600746,江苏索普,600746,Company
600977,中国电影,600977,Company
821,京山轻机,821,Company
739,普洛药业,739,Company
600159,大龙地产,600159,Company
600241,时代万恒,600241,Company
600468,百利电气,600468,Company
300462,华铭智能,300462,Company
2503,搜于特,2503,Company
603366,日出东方,603366,Company
603126,中材节能,603126,Company
600998,九州通,600998,Company
600720,祁连山,600720,Company
2551,尚荣医疗,2551,Company
2079,苏州固锝,2079,Company
601939,建设银行,601939,Company
600377,宁沪高速,600377,Company
300280,南通锻压,300280,Company
2012,凯恩股份,2012,Company
601231,环旭电子,601231,Company
2459,天业通联,2459,Company
300223,北京君正,300223,Company
2645,华宏科技,2645,Company
300555,路通视信,300555,Company
600459,贵研铂业,600459,Company
300210,森远股份,300210,Company
601872,招商轮船,601872,Company
2312,三泰,2312,Company;ST
886,海南高速,886,Company
300183,东软载波,300183,Company
603319,湘油泵,603319,Company
300023,宝德股份,300023,Company
2600,江粉磁材,2600,Company
2694,顾地科技,2694,Company
300403,地尔汉宇,300403,Company
300404,博济医药,300404,Company
2676,顺威股份,2676,Company
300461,田中精机,300461,Company
718,苏宁环球,718,Company
2320,海峡股份,2320,Company
600823,世茂股份,600823,Company
300294,博雅生物,300294,Company
2916,深南电路,2916,Company
2435,长江润发,2435,Company
300100,双林股份,300100,Company
300494,盛天网络,300494,Company
776,广发证券,776,Company
600237,铜峰电子,600237,Company
2608,江苏国信,2608,Company
600085,同仁堂,600085,Company
2141,贤丰控股,2141,Company
601766,中国中车,601766,Company
2587,奥拓电子,2587,Company
2226,江南化工,2226,Company
2741,光华科技,2741,Company
603766,隆鑫通用,603766,Company
600069,银鸽投资,600069,Company
514,渝开发,514,Company
600891,秋林集团,600891,Company
2015,霞客环保,2015,Company
601328,交通银行,601328,Company
600028,中国石化,600028,Company
300414,中光防雷,300414,Company
603329,上海雅仕,603329,Company
603199,九华旅游,603199,Company
600996,贵广网络,600996,Company
600705,中航资本,600705,Company
562,宏源证券,562,Company
603968,醋化股份,603968,Company
600797,浙大网新,600797,Company
600654,中安,600654,Company;ST
300167,迪威迅,300167,Company
700,模塑科技,700,Company
600223,鲁商置业,600223,Company
2326,永太科技,2326,Company
600640,号百控股,600640,Company
2222,福晶科技,2222,Company
60,中金岭南,60,Company
600816,安信信托,600816,Company
600315,上海家化,600315,Company
2381,双箭股份,2381,Company
601188,龙江交通,601188,Company
300175,朗源股份,300175,Company
600010,包钢股份,600010,Company
600800,天津磁卡,600800,Company
600023,浙能电力,600023,Company
2656,摩登大道,2656,Company
300095,华伍股份,300095,Company
300540,深冷股份,300540,Company
600560,金自天正,600560,Company
2596,海南瑞泽,2596,Company
300463,迈克生物,300463,Company
600320,振华重工,600320,Company
2048,宁波华翔,2048,Company
2339,积成电子,2339,Company
822,山东海化,822,Company
973,佛塑科技,973,Company
2087,新野纺织,2087,Company
600614,鹏起科技,600614,Company
600020,中原高速,600020,Company
601126,四方股份,601126,Company
2573,清新环境,2573,Company
600892,大晟文化,600892,Company
2396,星网锐捷,2396,Company
600853,龙建股份,600853,Company
600711,盛屯矿业,600711,Company
2477,雏鹰农牧,2477,Company
868,安凯客车,868,Company
2646,青青稞酒,2646,Company
300498,温氏股份,300498,Company
401,冀东水泥,401,Company
603203,快克股份,603203,Company
600508,上海能源,600508,Company
2159,三特索道,2159,Company
2306,云网,2306,Company;ST
300381,溢多利,300381,Company
300445,康斯特,300445,Company
600491,龙元建设,600491,Company
2336,人人乐,2336,Company
600677,航天通信,600677,Company
600976,健民集团,600976,Company
600792,云煤能源,600792,Company
600626,申达股份,600626,Company
600306,商业城,600306,Company
2449,国星光电,2449,Company
2461,珠江啤酒,2461,Company
300051,三五互联,300051,Company
2322,理工环科,2322,Company
600696,匹凸,600696,Company;ST
600814,杭州解百,600814,Company
520,长航凤凰,520,Company
300490,华自科技,300490,Company
600516,方大炭素,600516,Company
300535,达威股份,300535,Company
600089,特变电工,600089,Company
600670,斯达,600670,Company;ST
600173,卧龙地产,600173,Company
600360,华微电子,600360,Company
2035,华帝股份,2035,Company
300568,星源材质,300568,Company
600383,金地集团,600383,Company
300007,汉威科技,300007,Company
2588,史丹利,2588,Company
2682,龙洲股份,2682,Company
2624,完美世界,2624,Company
300191,潜能恒信,300191,Company
48,康达尔,48,Company
959,首钢股份,959,Company
600699,均胜电子,600699,Company
300012,华测检测,300012,Company
300178,腾邦国际,300178,Company
2378,章源钨业,2378,Company
823,超声电子,823,Company
2606,大连电瓷,2606,Company
791,甘肃电投,791,Company
603602,纵横通信,603602,Company
2288,超华科技,2288,Company
2697,红旗连锁,2697,Company
603169,兰石重装,603169,Company
600289,信通,600289,Company;ST
99,中信海直,99,Company
2205,国统股份,2205,Company
300015,爱尔眼科,300015,Company
600299,安迪苏,600299,Company
2598,山东章鼓,2598,Company
2380,科远股份,2380,Company
603868,飞科电器,603868,Company
2511,中顺洁柔,2511,Company
527,美的电器,527,Company
2547,春兴精工,2547,Company
2107,沃华医药,2107,Company
2623,亚玛顿,2623,Company
2203,海亮股份,2203,Company
603227,雪峰科技,603227,Company
600803,新奥股份,600803,Company
600502,安徽水利,600502,Company
601009,南京银行,601009,Company
600662,强生控股,600662,Company
600967,内蒙一机,600967,Company
600068,葛洲坝,600068,Company
2473,圣莱,2473,Company;ST
603123,翠微股份,603123,Company
12,南玻Ａ,12,Company
300068,南都电源,300068,Company
2366,台海核电,2366,Company
300115,长盈精密,300115,Company
601218,吉鑫科技,601218,Company
720,新能泰山,720,Company
600290,华仪电气,600290,Company
603002,宏昌电子,603002,Company
603300,华铁科技,603300,Company
600594,益佰制药,600594,Company
2070,众和,2070,Company;ST
600983,惠而浦,600983,Company
300011,鼎汉技术,300011,Company
300180,华峰超纤,300180,Company
4,国农科技,4,Company
600520,文一科技,600520,Company
639,西王食品,639,Company
2922,伊戈尔,2922,Company
300447,全信股份,300447,Company
979,中弘股份,979,Company
2430,杭氧股份,2430,Company
300056,三维丝,300056,Company
600791,京能置业,600791,Company
600312,平高电气,600312,Company
600185,格力地产,600185,Company
300352,北信源,300352,Company
2001,新和成,2001,Company
600261,阳光照明,600261,Company
603729,龙韵股份,603729,Company
2351,漫步者,2351,Company
601988,中国银行,601988,Company
603158,腾龙股份,603158,Company
2105,信隆健康,2105,Company
2146,荣盛发展,2146,Company
603021,山东华鹏,603021,Company
600200,江苏吴中,600200,Company
2696,百洋股份,2696,Company
600120,浙江东方,600120,Company
600323,瀚蓝环境,600323,Company
2148,北纬科技,2148,Company
300326,凯利泰,300326,Company
2593,日上集团,2593,Company
603031,安德利,603031,Company
300092,科新机电,300092,Company
603520,司太立,603520,Company
600118,中国卫星,600118,Company
300076,GQY视讯,300076,Company
600005,武钢股份,600005,Company
600854,春兰股份,600854,Company
600371,万向德农,600371,Company
2176,江特电机,2176,Company
2066,瑞泰科技,2066,Company
2337,赛象科技,2337,Company
2632,道明光学,2632,Company
708,大冶特钢,708,Company
2401,中远海科,2401,Company
2677,浙江美大,2677,Company
300419,浩丰科技,300419,Company
300066,三川智慧,300066,Company
300434,金石东方,300434,Company
300430,诚益通,300430,Company
600697,欧亚集团,600697,Company
300078,思创医惠,300078,Company
2572,索菲亚,2572,Company
300484,蓝海华腾,300484,Company
300269,联建光电,300269,Company
600871,石化油服,600871,Company
600279,重庆港九,600279,Company
601800,中国交建,601800,Company
2145,中核钛白,2145,Company
300425,环能科技,300425,Company
779,三毛派神,779,Company
672,上峰水泥,672,Company
300097,智云股份,300097,Company
600160,巨化股份,600160,Company
300597,吉大通信,300597,Company
300275,梅安森,300275,Company
300443,金雷风电,300443,Company
600847,万里,600847,Company;ST
900914,锦投Ｂ股,900914,Company
2523,天桥起重,2523,Company
2289,宇顺电子,2289,Company
600266,北京城建,600266,Company
690,宝新能源,690,Company
583,托普,583,Company;ST
600171,上海贝岭,600171,Company
600548,深高速,600548,Company
601518,吉林高速,601518,Company
678,襄阳轴承,678,Company
601666,平煤股份,601666,Company
600643,爱建集团,600643,Company
300370,安控科技,300370,Company
600415,小商品城,600415,Company
600533,栖霞建设,600533,Company
600051,宁波联合,600051,Company
828,东莞控股,828,Company
600642,申能股份,600642,Company
300046,台基股份,300046,Company
603080,新疆火炬,603080,Company
999,华润三九,999,Company
2536,西泵股份,2536,Company
603598,引力传媒,603598,Company
2750,龙津药业,2750,Company
2469,三维工程,2469,Company
2476,宝莫股份,2476,Company
910,大亚圣象,910,Company
600019,宝钢股份,600019,Company
300410,正业科技,300410,Company
603060,国检集团,603060,Company
600213,亚星客车,600213,Company
2787,华源控股,2787,Company
2597,金禾实业,2597,Company
600509,天富能源,600509,Company
2796,世嘉科技,2796,Company
498,山东路桥,498,Company
300507,苏奥传感,300507,Company
2605,姚记扑克,2605,Company
600234,山水,600234,Company;ST
405,鑫光,405,Company;ST
2792,通宇通讯,2792,Company
585,东北电气,585,Company
300026,红日药业,300026,Company
300379,东方通,300379,Company
300357,我武生物,300357,Company
300351,永贵电器,300351,Company
2009,天奇股份,2009,Company
2538,司尔特,2538,Company
601388,怡球资源,601388,Company
300523,辰安科技,300523,Company
411,英特集团,411,Company
900951,大化B,900951,Company;ST
300099,精准信息,300099,Company
600112,天成,600112,Company;ST
600018,上港集团,600018,Company
300117,嘉寓股份,300117,Company
601258,庞大集团,601258,Company
2404,嘉欣丝绸,2404,Company
600776,东方通信,600776,Company
603789,星光农机,603789,Company
300721,怡达股份,300721,Company
600036,招商银行,600036,Company
601318,中国平安,601318,Company
2723,金莱特,2723,Company
600973,宝胜股份,600973,Company
603315,福鞍股份,603315,Company
300194,福安药业,300194,Company
300496,中科创达,300496,Company
2253,川大智胜,2253,Company
601028,玉龙股份,601028,Company
13,石化A,13,Company;ST
300441,鲍斯股份,300441,Company
600970,中材国际,600970,Company
300503,昊志机电,300503,Company
2058,威尔泰,2058,Company
2005,德豪润达,2005,Company
2116,中国海诚,2116,Company
300341,麦迪电气,300341,Company
300577,开润股份,300577,Company
2729,好利来,2729,Company
488,晨鸣纸业,488,Company
898,鞍钢股份,898,Company
600202,哈空调,600202,Company
2042,华孚时尚,2042,Company
2666,德联集团,2666,Company
2265,西仪股份,2265,Company
603600,永艺股份,603600,Company
2397,梦洁股份,2397,Company
695,滨海能源,695,Company
859,国风塑业,859,Company
600496,精工钢构,600496,Company
665,湖北广电,665,Company
300616,尚品宅配,300616,Company
2471,中超控股,2471,Company
600268,国电南自,600268,Company
710,贝瑞基因,710,Company
603987,康德莱,603987,Company
600421,仰帆控股,600421,Company
2415,海康威视,2415,Company
982,中绒,982,Company;ST
2672,东江环保,2672,Company
300245,天玑科技,300245,Company
540,中天金融,540,Company
2689,远大智能,2689,Company
300229,拓尔思,300229,Company
300420,五洋科技,300420,Company
600783,鲁信创投,600783,Company
300552,万集科技,300552,Company
300235,方直科技,300235,Company
600779,水井坊,600779,Company
300456,耐威科技,300456,Company
2218,拓日新能,2218,Company
967,盈峰环境,967,Company
600829,人民同泰,600829,Company
603569,长久物流,603569,Company
2389,南洋科技,2389,Company
807,云铝股份,807,Company
600678,四川金顶,600678,Company
600842,中西药业,600842,Company
601113,华鼎股份,601113,Company
601999,出版传媒,601999,Company
300491,通合科技,300491,Company
2082,栋梁新材,2082,Company
601313,江南嘉捷,601313,Company
673,当代东方,673,Company
300171,东富龙,300171,Company
601177,杭齿前进,601177,Company
996,中国中期,996,Company
300261,雅本化学,300261,Company
600962,国投中鲁,600962,Company
952,广济药业,952,Company
58,深赛格,58,Company
600165,新日恒力,600165,Company
2805,丰元股份,2805,Company
600986,科达股份,600986,Company
600578,京能电力,600578,Company
38,深大通,38,Company
300164,通源石油,300164,Company
971,高升控股,971,Company
601898,中煤能源,601898,Company
516,国际医学,516,Company
300022,吉峰农机,300022,Company
300129,泰胜风能,300129,Company
603663,三祥新材,603663,Company
300579,数字认证,300579,Company
426,兴业矿业,426,Company
680,山推股份,680,Company
300040,九洲电气,300040,Company
300166,东方国信,300166,Company
300059,东方财富,300059,Company
603101,汇嘉时代,603101,Company
586,汇源通信,586,Company
603661,恒林股份,603661,Company
600556,慧球,600556,Company;ST
600596,新安股份,600596,Company
600378,天科股份,600378,Company
300120,经纬电材,300120,Company
928,中钢国际,928,Company
2735,王子新材,2735,Company
601229,上海银行,601229,Company
2075,沙钢股份,2075,Company
2443,金洲管道,2443,Company
858,五粮液,858,Company
900908,氯碱Ｂ股,900908,Company
300215,电科院,300215,Company
300121,阳谷华泰,300121,Company
600338,西藏珠峰,600338,Company
2235,安妮股份,2235,Company
885,同力水泥,885,Company
601890,亚星锚链,601890,Company
600991,广汽长丰,600991,Company
603313,梦百合,603313,Company
912,天化,912,Company;ST
603339,四方冷链,603339,Company
2175,东方网络,2175,Company
2638,勤上股份,2638,Company
601500,通用股份,601500,Company
200418,小天鹅Ｂ,200418,Company
600123,兰花科创,600123,Company
300307,慈星股份,300307,Company
300386,飞天诚信,300386,Company
300242,明家联合,300242,Company
200026,飞亚达Ｂ,200026,Company
600001,邯郸钢铁,600001,Company
600889,南京化纤,600889,Company
2528,英飞拓,2528,Company
601985,中国核电,601985,Company
603777,来伊份,603777,Company
2432,九安医疗,2432,Company
300196,长海股份,300196,Company
2030,达安基因,2030,Company
601128,常熟银行,601128,Company
300360,炬华科技,300360,Company
300195,长荣股份,300195,Company
2024,苏宁云商,2024,Company
2136,安纳达,2136,Company
2347,泰尔股份,2347,Company
600297,广汇汽车,600297,Company
603928,兴业股份,603928,Company
559,万向钱潮,559,Company
600006,东风汽车,600006,Company
2271,东方雨虹,2271,Company
635,英力特,635,Company
603917,合力科技,603917,Company
603116,红蜻蜓,603116,Company
300177,中海达,300177,Company
2132,恒星科技,2132,Company
2390,信邦制药,2390,Company
600628,新世界,600628,Company
300118,东方日升,300118,Company
300041,回天新材,300041,Company
300082,奥克股份,300082,Company
600084,中葡股份,600084,Company
2335,科华恒盛,2335,Company
2484,江海股份,2484,Company
2408,齐翔腾达,2408,Company
300102,乾照光电,300102,Company
200869,张裕Ｂ,200869,Company
300134,大富科技,300134,Company
300138,晨光生物,300138,Company
600376,首开股份,600376,Company
2184,海得控制,2184,Company
300350,华鹏飞,300350,Company
2458,益生股份,2458,Company
2730,电光科技,2730,Company
300364,中文在线,300364,Company
939,凯迪生态,939,Company
600087,退市长油,600087,Company
600262,北方股份,600262,Company
2308,威创股份,2308,Company
2240,威华股份,2240,Company
2446,盛路通信,2446,Company
900929,锦旅Ｂ股,900929,Company
2217,合力泰,2217,Company
600741,华域汽车,600741,Company
600966,博汇纸业,600966,Company
2634,棒杰股份,2634,Company
913,钱江摩托,913,Company
600585,海螺水泥,600585,Company
300557,理工光科,300557,Company
2631,德尔未来,2631,Company
2319,乐通股份,2319,Company
200553,沙隆达Ｂ,200553,Company
600054,黄山旅游,600054,Company
839,中信国安,839,Company
2479,富春环保,2479,Company
2546,新联电子,2546,Company
600992,贵绳股份,600992,Company
300233,金城医药,300233,Company
600828,茂业商业,600828,Company
2685,华东重机,2685,Company
606,神州易桥,606,Company
430,张家界,430,Company
600175,美都能源,600175,Company
2582,好想你,2582,Company
2131,利欧股份,2131,Company
2201,九鼎新材,2201,Company
2756,永兴特钢,2756,Company
2025,航天电器,2025,Company
2595,豪迈科技,2595,Company
300289,利德曼,300289,Company
601579,会稽山,601579,Company
900905,老凤祥Ｂ,900905,Company
900918,耀皮Ｂ股,900918,Company
2714,牧原股份,2714,Company
651,格力电器,651,Company
300112,万讯自控,300112,Company
578,盐湖集团,578,Company
2345,潮宏基,2345,Company
2450,康得新,2450,Company
2153,石基信息,2153,Company
61,农产品,61,Company
600029,南方航空,600029,Company
600839,四川长虹,600839,Company
600648,外高桥,600648,Company
2154,报喜鸟,2154,Company
428,华天酒店,428,Company
600398,海澜之家,600398,Company
300106,西部牧业,300106,Company
200530,大冷Ｂ,200530,Company
338,潍柴动力,338,Company
300259,新天科技,300259,Company
600126,杭钢股份,600126,Company
2691,冀凯股份,2691,Company
2799,环球印务,2799,Company
603779,威龙股份,603779,Company
300002,神州泰岳,300002,Company
2287,奇正藏药,2287,Company
200429,粤高速Ｂ,200429,Company
2165,红宝丽,2165,Company
2096,南岭民爆,2096,Company
600357,承德钒钛,600357,Company
2540,亚太科技,2540,Company
603016,新宏泰,603016,Company
600170,上海建工,600170,Company
697,炼石有色,697,Company
601969,海南矿业,601969,Company
600980,北矿科技,600980,Company
2695,煌上煌,2695,Company
2332,仙琚制药,2332,Company
2163,中航三鑫,2163,Company
6,深振业Ａ,6,Company
300477,合纵科技,300477,Company
603006,联明股份,603006,Company
600388,龙净环保,600388,Company
603000,人民网,603000,Company
300150,世纪瑞尔,300150,Company
2918,蒙娜丽莎,2918,Company
300550,和仁科技,300550,Company
300077,国民技术,300077,Company
300265,通光线缆,300265,Company
510,金路集团,510,Company
601098,中南传媒,601098,Company
2093,国脉科技,2093,Company
300517,海波重科,300517,Company
300232,洲明科技,300232,Company
600458,时代新材,600458,Company
300094,国联水产,300094,Company
600807,天业股份,600807,Company
600395,盘江股份,600395,Company
300267,尔康制药,300267,Company
668,荣丰控股,668,Company
727,华东科技,727,Company
300197,铁汉生态,300197,Company
200055,方大Ｂ,200055,Company
2802,洪汇新材,2802,Company
2399,海普瑞,2399,Company
